timestamp,datetime,title,source,url,sentiment
1732748430147.671,2024-11-28 07:00:30,ZEC News Sample 4758,Medium,https://example.com/news,0.026210326091386127
1732834830147.671,2024-11-29 07:00:30,ZEC News Sample 3222,CoinDesk,https://example.com/news,0.15626477676168188
1732834830147.671,2024-11-29 07:00:30,ZEC News Sample 1628,CryptoSlate,https://example.com/news,0.12594256773346602
1732834830147.671,2024-11-29 07:00:30,ZEC News Sample 5440,Twitter,https://example.com/news,-0.1377593554137
1732834830147.671,2024-11-29 07:00:30,ZEC News Sample 9436,CryptoSlate,https://example.com/news,-0.887792207804774
1732921230147.671,2024-11-30 07:00:30,ZEC News Sample 8439,CryptoSlate,https://example.com/news,0.022441108915208563
1732921230147.671,2024-11-30 07:00:30,ZEC News Sample 5695,Twitter,https://example.com/news,0.008346772985164952
1733094030147.671,2024-12-02 07:00:30,ZEC News Sample 4648,CryptoSlate,https://example.com/news,-0.18172412253810585
1733094030147.671,2024-12-02 07:00:30,ZEC News Sample 1445,CryptoSlate,https://example.com/news,0.1930531268300551
1733180430147.671,2024-12-03 07:00:30,ZEC News Sample 7828,CryptoSlate,https://example.com/news,0.017250470691948072
1733180430147.671,2024-12-03 07:00:30,ZEC News Sample 4058,Medium,https://example.com/news,0.16779560888808281
1733180430147.671,2024-12-03 07:00:30,ZEC News Sample 4664,Twitter,https://example.com/news,-0.1934014788716752
1733180430147.671,2024-12-03 07:00:30,ZEC News Sample 9546,CoinDesk,https://example.com/news,0.03466959977113268
1733266830147.671,2024-12-04 07:00:30,ZEC News Sample 8464,CoinDesk,https://example.com/news,-0.05544114758322585
1733266830147.671,2024-12-04 07:00:30,ZEC News Sample 7749,Medium,https://example.com/news,0.06323437463440523
1733353230147.671,2024-12-05 07:00:30,ZEC News Sample 8098,CoinDesk,https://example.com/news,-0.14256140557221766
1733353230147.671,2024-12-05 07:00:30,ZEC News Sample 6661,CryptoSlate,https://example.com/news,0.15122835035095322
1733353230147.671,2024-12-05 07:00:30,ZEC News Sample 5081,Medium,https://example.com/news,0.18040389759634767
1733353230147.671,2024-12-05 07:00:30,ZEC News Sample 1354,Medium,https://example.com/news,-0.049126842081715694
1733439630147.671,2024-12-06 07:00:30,ZEC News Sample 2360,Medium,https://example.com/news,-0.19059497764476277
1733439630147.671,2024-12-06 07:00:30,ZEC News Sample 3007,Twitter,https://example.com/news,0.1345734494864233
1733439630147.671,2024-12-06 07:00:30,ZEC News Sample 7892,CryptoSlate,https://example.com/news,0.09813615658941738
1733439630147.671,2024-12-06 07:00:30,ZEC News Sample 4117,CryptoSlate,https://example.com/news,0.1170313420647478
1733439630147.671,2024-12-06 07:00:30,ZEC News Sample 5186,Twitter,https://example.com/news,0.004914095755018166
1733526030147.671,2024-12-07 07:00:30,ZEC News Sample 1877,Twitter,https://example.com/news,-0.5008841806591813
1733612430147.671,2024-12-08 07:00:30,ZEC News Sample 4568,Medium,https://example.com/news,0.08946008679424883
1733698830147.671,2024-12-09 07:00:30,ZEC News Sample 5037,CryptoSlate,https://example.com/news,-0.018417325039929544
1733698830147.671,2024-12-09 07:00:30,ZEC News Sample 2555,Twitter,https://example.com/news,-2.2649673420055416e-05
1733698830147.671,2024-12-09 07:00:30,ZEC News Sample 5711,Medium,https://example.com/news,0.057222133134450015
1733698830147.671,2024-12-09 07:00:30,ZEC News Sample 9764,CryptoSlate,https://example.com/news,0.07981636693066863
1733698830147.671,2024-12-09 07:00:30,ZEC News Sample 3536,Medium,https://example.com/news,0.10893961425387244
1733785230147.671,2024-12-10 07:00:30,ZEC News Sample 4957,CryptoSlate,https://example.com/news,-0.13213043770788518
1733785230147.671,2024-12-10 07:00:30,ZEC News Sample 3157,CoinDesk,https://example.com/news,0.6081076093612394
1733871630147.671,2024-12-11 07:00:30,ZEC News Sample 1910,CryptoSlate,https://example.com/news,-0.03166379592968349
1733871630147.671,2024-12-11 07:00:30,ZEC News Sample 7145,Medium,https://example.com/news,-0.00449156727443048
1733871630147.671,2024-12-11 07:00:30,ZEC News Sample 9550,CoinDesk,https://example.com/news,-0.07886731409195265
1733871630147.671,2024-12-11 07:00:30,ZEC News Sample 8050,CryptoSlate,https://example.com/news,-0.17806274376084744
1733958030147.671,2024-12-12 07:00:30,ZEC News Sample 4161,Medium,https://example.com/news,-0.012920368910977365
1733958030147.671,2024-12-12 07:00:30,ZEC News Sample 2005,CryptoSlate,https://example.com/news,-0.0068776809249517235
1733958030147.671,2024-12-12 07:00:30,ZEC News Sample 7946,CoinDesk,https://example.com/news,-0.07047737049361211
1733958030147.671,2024-12-12 07:00:30,ZEC News Sample 3757,Medium,https://example.com/news,0.17058898272411593
1734044430147.671,2024-12-13 07:00:30,ZEC News Sample 8007,Twitter,https://example.com/news,0.1437260473477791
1734044430147.671,2024-12-13 07:00:30,ZEC News Sample 4904,CryptoSlate,https://example.com/news,0.14913246659254598
1734217230147.671,2024-12-15 07:00:30,ZEC News Sample 4779,Medium,https://example.com/news,-0.1759854301103966
1734217230147.671,2024-12-15 07:00:30,ZEC News Sample 6282,CoinDesk,https://example.com/news,0.03881779269626229
1734303630147.671,2024-12-16 07:00:30,ZEC News Sample 3548,CryptoSlate,https://example.com/news,-0.19426688237983916
1734303630147.671,2024-12-16 07:00:30,ZEC News Sample 7327,CryptoSlate,https://example.com/news,0.14233886073472563
1734303630147.671,2024-12-16 07:00:30,ZEC News Sample 1541,CryptoSlate,https://example.com/news,0.1486445150848203
1734303630147.671,2024-12-16 07:00:30,ZEC News Sample 7498,Medium,https://example.com/news,-0.11923945028017707
1734390030147.671,2024-12-17 07:00:30,ZEC News Sample 2043,Medium,https://example.com/news,0.16244135021064215
1734390030147.671,2024-12-17 07:00:30,ZEC News Sample 7337,Twitter,https://example.com/news,-0.02776509141696798
1734390030147.671,2024-12-17 07:00:30,ZEC News Sample 2499,CryptoSlate,https://example.com/news,-0.13074045142521135
1734390030147.671,2024-12-17 07:00:30,ZEC News Sample 7124,CoinDesk,https://example.com/news,-0.0203774474648247
1734476430147.671,2024-12-18 07:00:30,ZEC News Sample 3601,Medium,https://example.com/news,-0.020340382471832452
1734562830147.671,2024-12-19 07:00:30,ZEC News Sample 7332,CryptoSlate,https://example.com/news,-0.6135902086481282
1734649230147.671,2024-12-20 07:00:30,ZEC News Sample 8166,CryptoSlate,https://example.com/news,-0.048918002995111454
1734649230147.671,2024-12-20 07:00:30,ZEC News Sample 7260,CoinDesk,https://example.com/news,-0.08520951680249045
1734649230147.671,2024-12-20 07:00:30,ZEC News Sample 2299,Twitter,https://example.com/news,-0.0953916720855914
1734649230147.671,2024-12-20 07:00:30,ZEC News Sample 8766,Twitter,https://example.com/news,0.18596969716563855
1734649230147.671,2024-12-20 07:00:30,ZEC News Sample 4976,CoinDesk,https://example.com/news,0.15867960161972533
1734735630147.671,2024-12-21 07:00:30,ZEC News Sample 4597,Twitter,https://example.com/news,0.15552498501456274
1734735630147.671,2024-12-21 07:00:30,ZEC News Sample 2193,CryptoSlate,https://example.com/news,-0.17294434562644462
1734735630147.671,2024-12-21 07:00:30,ZEC News Sample 1223,Twitter,https://example.com/news,-0.055179744890618
1734735630147.671,2024-12-21 07:00:30,ZEC News Sample 7437,Twitter,https://example.com/news,0.07473524628699518
1734822030147.671,2024-12-22 07:00:30,ZEC News Sample 3927,CryptoSlate,https://example.com/news,-0.1516852461412005
1734822030147.671,2024-12-22 07:00:30,ZEC News Sample 7117,Twitter,https://example.com/news,-0.013598289354716464
1734822030147.671,2024-12-22 07:00:30,ZEC News Sample 6441,Twitter,https://example.com/news,-0.13763391371790468
1734822030147.671,2024-12-22 07:00:30,ZEC News Sample 8866,Medium,https://example.com/news,0.9703924543786973
1734822030147.671,2024-12-22 07:00:30,ZEC News Sample 5346,Medium,https://example.com/news,0.8554391065261444
1734908430147.671,2024-12-23 07:00:30,ZEC News Sample 6092,Twitter,https://example.com/news,-0.1442533990785592
1734908430147.671,2024-12-23 07:00:30,ZEC News Sample 5182,CryptoSlate,https://example.com/news,0.015539660764544022
1734908430147.671,2024-12-23 07:00:30,ZEC News Sample 9060,Medium,https://example.com/news,0.18370918456237256
1734908430147.671,2024-12-23 07:00:30,ZEC News Sample 5419,CoinDesk,https://example.com/news,-0.10631512215440374
1734908430147.671,2024-12-23 07:00:30,ZEC News Sample 1833,CoinDesk,https://example.com/news,-0.19046589176694134
1734994830147.671,2024-12-24 07:00:30,ZEC News Sample 2067,CoinDesk,https://example.com/news,-0.12789860785427978
1734994830147.671,2024-12-24 07:00:30,ZEC News Sample 7594,CryptoSlate,https://example.com/news,0.7013579779771058
1734994830147.671,2024-12-24 07:00:30,ZEC News Sample 7040,Medium,https://example.com/news,0.16615693346883453
1735081230147.671,2024-12-25 07:00:30,ZEC News Sample 7213,CoinDesk,https://example.com/news,-0.13884652867277986
1735081230147.671,2024-12-25 07:00:30,ZEC News Sample 7942,Twitter,https://example.com/news,0.19942172872259084
1735081230147.671,2024-12-25 07:00:30,ZEC News Sample 2311,Medium,https://example.com/news,-0.1766044756862702
1735167630147.671,2024-12-26 07:00:30,ZEC News Sample 9657,Medium,https://example.com/news,0.059065406137551846
1735254030147.671,2024-12-27 07:00:30,ZEC News Sample 4529,Medium,https://example.com/news,-0.024458543476639116
1735254030147.671,2024-12-27 07:00:30,ZEC News Sample 3943,Twitter,https://example.com/news,0.10645458486397241
1735254030147.671,2024-12-27 07:00:30,ZEC News Sample 7176,CoinDesk,https://example.com/news,0.0914269524380964
1735254030147.671,2024-12-27 07:00:30,ZEC News Sample 5598,Medium,https://example.com/news,0.8045066897228077
1735340430147.671,2024-12-28 07:00:30,ZEC News Sample 7724,Medium,https://example.com/news,0.19978982750562163
1735340430147.671,2024-12-28 07:00:30,ZEC News Sample 7246,CryptoSlate,https://example.com/news,-0.1929176295436367
1735340430147.671,2024-12-28 07:00:30,ZEC News Sample 7198,CoinDesk,https://example.com/news,0.003955001840823813
1735426830147.671,2024-12-29 07:00:30,ZEC News Sample 6772,Medium,https://example.com/news,0.03718412116668651
1735426830147.671,2024-12-29 07:00:30,ZEC News Sample 8747,CryptoSlate,https://example.com/news,0.09247320063612113
1735513230147.671,2024-12-30 07:00:30,ZEC News Sample 1698,Twitter,https://example.com/news,0.8205719877805919
1735513230147.671,2024-12-30 07:00:30,ZEC News Sample 4918,CryptoSlate,https://example.com/news,0.10572542006588209
1735513230147.671,2024-12-30 07:00:30,ZEC News Sample 1014,Twitter,https://example.com/news,-0.15550652800412657
1735599630147.671,2024-12-31 07:00:30,ZEC News Sample 5873,CoinDesk,https://example.com/news,0.18580669759780927
1735599630147.671,2024-12-31 07:00:30,ZEC News Sample 2919,Medium,https://example.com/news,-0.17331866663765294
1735772430147.671,2025-01-02 07:00:30,ZEC News Sample 6854,CoinDesk,https://example.com/news,-0.1229962942748927
1735772430147.671,2025-01-02 07:00:30,ZEC News Sample 5425,CryptoSlate,https://example.com/news,-0.1445559598797102
1735772430147.671,2025-01-02 07:00:30,ZEC News Sample 9161,Twitter,https://example.com/news,-0.196394736523951
1735858830147.671,2025-01-03 07:00:30,ZEC News Sample 2024,CoinDesk,https://example.com/news,0.09412887073341303
1735858830147.671,2025-01-03 07:00:30,ZEC News Sample 9032,CoinDesk,https://example.com/news,0.009994905916883429
1735945230147.671,2025-01-04 07:00:30,ZEC News Sample 1342,Twitter,https://example.com/news,0.14326116108538245
1735945230147.671,2025-01-04 07:00:30,ZEC News Sample 2371,CoinDesk,https://example.com/news,-0.5717736687781871
1735945230147.671,2025-01-04 07:00:30,ZEC News Sample 7929,Medium,https://example.com/news,0.15187245094197194
1736204430147.671,2025-01-07 07:00:30,ZEC News Sample 5684,CoinDesk,https://example.com/news,-0.3171909583576338
1736204430147.671,2025-01-07 07:00:30,ZEC News Sample 8520,CoinDesk,https://example.com/news,0.10090034577581902
1736204430147.671,2025-01-07 07:00:30,ZEC News Sample 1928,Medium,https://example.com/news,0.11902958792038709
1736204430147.671,2025-01-07 07:00:30,ZEC News Sample 6687,Medium,https://example.com/news,0.18207452149213993
1736204430147.671,2025-01-07 07:00:30,ZEC News Sample 9074,Medium,https://example.com/news,-0.07777855489178372
1736290830147.671,2025-01-08 07:00:30,ZEC News Sample 6635,Twitter,https://example.com/news,-0.016004857868104766
1736290830147.671,2025-01-08 07:00:30,ZEC News Sample 8932,CryptoSlate,https://example.com/news,-0.07221671199121232
1736290830147.671,2025-01-08 07:00:30,ZEC News Sample 9197,CryptoSlate,https://example.com/news,-0.044449072108855375
1736377230147.671,2025-01-09 07:00:30,ZEC News Sample 1446,Medium,https://example.com/news,-0.22780646248981706
1736377230147.671,2025-01-09 07:00:30,ZEC News Sample 3369,CoinDesk,https://example.com/news,-0.10914197851122634
1736377230147.671,2025-01-09 07:00:30,ZEC News Sample 8672,CoinDesk,https://example.com/news,-0.1162586243754804
1736463630147.671,2025-01-10 07:00:30,ZEC News Sample 3095,CryptoSlate,https://example.com/news,-0.16666736607831623
1736463630147.671,2025-01-10 07:00:30,ZEC News Sample 5633,Medium,https://example.com/news,0.18880154249171893
1736550030147.671,2025-01-11 07:00:30,ZEC News Sample 4881,CryptoSlate,https://example.com/news,-0.015399121242258701
1736550030147.671,2025-01-11 07:00:30,ZEC News Sample 6382,CoinDesk,https://example.com/news,0.140315417427056
1736636430147.671,2025-01-12 07:00:30,ZEC News Sample 3274,CryptoSlate,https://example.com/news,-0.11593508066083494
1736722830147.671,2025-01-13 07:00:30,ZEC News Sample 9595,CryptoSlate,https://example.com/news,-0.4510753416861484
1736722830147.671,2025-01-13 07:00:30,ZEC News Sample 8355,Medium,https://example.com/news,-0.9081153475463741
1736722830147.671,2025-01-13 07:00:30,ZEC News Sample 6738,CoinDesk,https://example.com/news,-0.31570001255349855
1736722830147.671,2025-01-13 07:00:30,ZEC News Sample 4730,Twitter,https://example.com/news,-0.05541229025751418
1736722830147.671,2025-01-13 07:00:30,ZEC News Sample 2444,CoinDesk,https://example.com/news,0.18758697552372938
1736809230147.671,2025-01-14 07:00:30,ZEC News Sample 5133,CryptoSlate,https://example.com/news,0.8453743999754058
1736895630147.671,2025-01-15 07:00:30,ZEC News Sample 8676,Medium,https://example.com/news,-0.10902827923750764
1736895630147.671,2025-01-15 07:00:30,ZEC News Sample 4602,Twitter,https://example.com/news,-0.11533470460050653
1736895630147.671,2025-01-15 07:00:30,ZEC News Sample 8346,CryptoSlate,https://example.com/news,0.14613017335200457
1736895630147.671,2025-01-15 07:00:30,ZEC News Sample 1146,CoinDesk,https://example.com/news,-0.04418203445952812
1736895630147.671,2025-01-15 07:00:30,ZEC News Sample 6058,CoinDesk,https://example.com/news,-0.051851756376593366
1736982030147.671,2025-01-16 07:00:30,ZEC News Sample 1573,CryptoSlate,https://example.com/news,0.08401469488863678
1736982030147.671,2025-01-16 07:00:30,ZEC News Sample 9052,CoinDesk,https://example.com/news,0.11103459541319666
1736982030147.671,2025-01-16 07:00:30,ZEC News Sample 7337,CoinDesk,https://example.com/news,-0.15976332414785288
1736982030147.671,2025-01-16 07:00:30,ZEC News Sample 1363,Medium,https://example.com/news,0.29047775082407146
1736982030147.671,2025-01-16 07:00:30,ZEC News Sample 1133,CryptoSlate,https://example.com/news,-0.13204737013371304
1737068430147.671,2025-01-17 07:00:30,ZEC News Sample 7568,CryptoSlate,https://example.com/news,-0.004241413665000637
1737068430147.671,2025-01-17 07:00:30,ZEC News Sample 6092,Twitter,https://example.com/news,-0.05281216508369996
1737154830147.671,2025-01-18 07:00:30,ZEC News Sample 8554,Twitter,https://example.com/news,-0.19293383724650903
1737327630147.671,2025-01-20 07:00:30,ZEC News Sample 5540,CryptoSlate,https://example.com/news,0.1618823048312466
1737327630147.671,2025-01-20 07:00:30,ZEC News Sample 9377,Twitter,https://example.com/news,0.1713985825376278
1737414030147.671,2025-01-21 07:00:30,ZEC News Sample 2065,CoinDesk,https://example.com/news,0.5588137637176871
1737414030147.671,2025-01-21 07:00:30,ZEC News Sample 8635,CoinDesk,https://example.com/news,-0.07009114160906882
1737586830147.671,2025-01-23 07:00:30,ZEC News Sample 7943,Twitter,https://example.com/news,-0.17234011731961107
1737586830147.671,2025-01-23 07:00:30,ZEC News Sample 1563,Medium,https://example.com/news,0.12525995219586233
1737586830147.671,2025-01-23 07:00:30,ZEC News Sample 2789,CryptoSlate,https://example.com/news,-0.005021120180614819
1737586830147.671,2025-01-23 07:00:30,ZEC News Sample 9021,CryptoSlate,https://example.com/news,0.1651288316644266
1737673230147.671,2025-01-24 07:00:30,ZEC News Sample 2535,Twitter,https://example.com/news,-0.046836230261367684
1737673230147.671,2025-01-24 07:00:30,ZEC News Sample 7801,Twitter,https://example.com/news,0.5371090947993755
1737759630147.671,2025-01-25 07:00:30,ZEC News Sample 3278,Twitter,https://example.com/news,-0.0286347158256946
1737759630147.671,2025-01-25 07:00:30,ZEC News Sample 8247,Twitter,https://example.com/news,-0.15959351654279463
1737846030147.671,2025-01-26 07:00:30,ZEC News Sample 7586,Medium,https://example.com/news,0.018816284631318986
1737846030147.671,2025-01-26 07:00:30,ZEC News Sample 2852,Medium,https://example.com/news,-0.04931240611129212
1737846030147.671,2025-01-26 07:00:30,ZEC News Sample 2892,Twitter,https://example.com/news,-0.18002915350450227
1737846030147.671,2025-01-26 07:00:30,ZEC News Sample 7761,Twitter,https://example.com/news,0.1644714416882586
1737846030147.671,2025-01-26 07:00:30,ZEC News Sample 1155,Medium,https://example.com/news,-0.14784258511771445
1737932430147.671,2025-01-27 07:00:30,ZEC News Sample 3469,Twitter,https://example.com/news,0.07388878199716514
1738018830147.671,2025-01-28 07:00:30,ZEC News Sample 6216,CoinDesk,https://example.com/news,-0.19853012432987704
1738018830147.671,2025-01-28 07:00:30,ZEC News Sample 2759,CryptoSlate,https://example.com/news,-0.021786859892172744
1738018830147.671,2025-01-28 07:00:30,ZEC News Sample 1446,CryptoSlate,https://example.com/news,0.1492670298120944
1738018830147.671,2025-01-28 07:00:30,ZEC News Sample 2913,CryptoSlate,https://example.com/news,-0.05324031038639973
1738191630147.671,2025-01-30 07:00:30,ZEC News Sample 7667,Medium,https://example.com/news,-0.09894521321945954
1738191630147.671,2025-01-30 07:00:30,ZEC News Sample 3524,Twitter,https://example.com/news,0.8272727459492035
1738278030147.671,2025-01-31 07:00:30,ZEC News Sample 4210,Medium,https://example.com/news,-0.052213065071403136
1738278030147.671,2025-01-31 07:00:30,ZEC News Sample 8154,CoinDesk,https://example.com/news,0.13227027362223692
1738278030147.671,2025-01-31 07:00:30,ZEC News Sample 9089,Medium,https://example.com/news,-0.10909996898078572
1738278030147.671,2025-01-31 07:00:30,ZEC News Sample 3666,Medium,https://example.com/news,-0.1796744649937
1738364430147.671,2025-02-01 07:00:30,ZEC News Sample 9145,CoinDesk,https://example.com/news,0.10901473483622703
1738450830147.671,2025-02-02 07:00:30,ZEC News Sample 3254,CoinDesk,https://example.com/news,0.1693864805996938
1738450830147.671,2025-02-02 07:00:30,ZEC News Sample 9718,Medium,https://example.com/news,-0.15566270953925257
1738450830147.671,2025-02-02 07:00:30,ZEC News Sample 9290,CryptoSlate,https://example.com/news,0.008200653746601227
1738450830147.671,2025-02-02 07:00:30,ZEC News Sample 2368,Twitter,https://example.com/news,0.060249318400161844
1738450830147.671,2025-02-02 07:00:30,ZEC News Sample 7447,Medium,https://example.com/news,-0.06266057185749446
1738537230147.671,2025-02-03 07:00:30,ZEC News Sample 9138,Medium,https://example.com/news,-0.01026803523584871
1738537230147.671,2025-02-03 07:00:30,ZEC News Sample 3145,CryptoSlate,https://example.com/news,-0.06068411259083689
1738537230147.671,2025-02-03 07:00:30,ZEC News Sample 8152,Medium,https://example.com/news,0.05023400950112106
1738710030147.671,2025-02-05 07:00:30,ZEC News Sample 2238,CoinDesk,https://example.com/news,-0.11010867286265409
1738710030147.671,2025-02-05 07:00:30,ZEC News Sample 5341,CryptoSlate,https://example.com/news,-0.06867510016067632
1738710030147.671,2025-02-05 07:00:30,ZEC News Sample 8983,Medium,https://example.com/news,0.2915172895346667
1738710030147.671,2025-02-05 07:00:30,ZEC News Sample 7877,Medium,https://example.com/news,-0.009984847091031923
1738710030147.671,2025-02-05 07:00:30,ZEC News Sample 1181,Medium,https://example.com/news,-0.11913995539144923
1738796430147.671,2025-02-06 07:00:30,ZEC News Sample 7308,CryptoSlate,https://example.com/news,-0.021672511988898024
1738882830147.671,2025-02-07 07:00:30,ZEC News Sample 7115,CryptoSlate,https://example.com/news,-0.05149823830215233
1738882830147.671,2025-02-07 07:00:30,ZEC News Sample 2206,CryptoSlate,https://example.com/news,0.07578627761450218
1738882830147.671,2025-02-07 07:00:30,ZEC News Sample 1969,CoinDesk,https://example.com/news,-0.9851229708298899
1739055630147.671,2025-02-09 07:00:30,ZEC News Sample 8062,Twitter,https://example.com/news,-0.08457962674184497
1739055630147.671,2025-02-09 07:00:30,ZEC News Sample 1985,CryptoSlate,https://example.com/news,0.09428051362122603
1739142030147.671,2025-02-10 07:00:30,ZEC News Sample 8401,CoinDesk,https://example.com/news,-0.10119723660559875
1739142030147.671,2025-02-10 07:00:30,ZEC News Sample 9571,Twitter,https://example.com/news,0.04043928548485684
1739228430147.671,2025-02-11 07:00:30,ZEC News Sample 6017,Medium,https://example.com/news,-0.08102670607110768
1739314830147.671,2025-02-12 07:00:30,ZEC News Sample 8572,CryptoSlate,https://example.com/news,0.007249993986979675
1739487630147.671,2025-02-14 07:00:30,ZEC News Sample 2766,Twitter,https://example.com/news,-0.04325416244157787
1739487630147.671,2025-02-14 07:00:30,ZEC News Sample 4238,Medium,https://example.com/news,-0.09819267875672284
1739574030147.671,2025-02-15 07:00:30,ZEC News Sample 5580,Medium,https://example.com/news,0.2248446248606959
1739574030147.671,2025-02-15 07:00:30,ZEC News Sample 5256,CoinDesk,https://example.com/news,-0.12471606955409556
1739574030147.671,2025-02-15 07:00:30,ZEC News Sample 6737,Twitter,https://example.com/news,-0.051723579907895445
1739574030147.671,2025-02-15 07:00:30,ZEC News Sample 3700,Twitter,https://example.com/news,-0.09409623039861953
1739660430147.671,2025-02-16 07:00:30,ZEC News Sample 1057,CryptoSlate,https://example.com/news,-0.07620270044076656
1739660430147.671,2025-02-16 07:00:30,ZEC News Sample 9521,Medium,https://example.com/news,0.9292705018735885
1739660430147.671,2025-02-16 07:00:30,ZEC News Sample 3078,Twitter,https://example.com/news,-0.13835618514866332
1739660430147.671,2025-02-16 07:00:30,ZEC News Sample 5533,Medium,https://example.com/news,0.8662099565295143
1739660430147.671,2025-02-16 07:00:30,ZEC News Sample 1829,CoinDesk,https://example.com/news,0.006063619740731996
1739746830147.671,2025-02-17 07:00:30,ZEC News Sample 7673,Twitter,https://example.com/news,0.0014642086815653543
1739746830147.671,2025-02-17 07:00:30,ZEC News Sample 8128,CoinDesk,https://example.com/news,0.0364942465271402
1739746830147.671,2025-02-17 07:00:30,ZEC News Sample 9479,Medium,https://example.com/news,-0.11097341701835482
1739746830147.671,2025-02-17 07:00:30,ZEC News Sample 6322,CryptoSlate,https://example.com/news,-0.05602773415183113
1739746830147.671,2025-02-17 07:00:30,ZEC News Sample 1581,Twitter,https://example.com/news,-0.19946524950269706
1739919630147.671,2025-02-19 07:00:30,ZEC News Sample 8027,Twitter,https://example.com/news,-0.12917395029311235
1739919630147.671,2025-02-19 07:00:30,ZEC News Sample 5547,CoinDesk,https://example.com/news,-0.11441765032167872
1739919630147.671,2025-02-19 07:00:30,ZEC News Sample 5282,CryptoSlate,https://example.com/news,0.12403496355636756
1740092430147.671,2025-02-21 07:00:30,ZEC News Sample 5521,Medium,https://example.com/news,0.043781094818173605
1740092430147.671,2025-02-21 07:00:30,ZEC News Sample 7945,Twitter,https://example.com/news,0.1117663835840525
1740178830147.671,2025-02-22 07:00:30,ZEC News Sample 1695,CoinDesk,https://example.com/news,0.8794327372077906
1740178830147.671,2025-02-22 07:00:30,ZEC News Sample 8316,CryptoSlate,https://example.com/news,0.01601618253912082
1740265230147.671,2025-02-23 07:00:30,ZEC News Sample 6618,CryptoSlate,https://example.com/news,0.14242786743308639
1740265230147.671,2025-02-23 07:00:30,ZEC News Sample 9583,CryptoSlate,https://example.com/news,-0.012409539184327745
1740265230147.671,2025-02-23 07:00:30,ZEC News Sample 6163,CoinDesk,https://example.com/news,-0.15304959689845724
1740351630147.671,2025-02-24 07:00:30,ZEC News Sample 4063,Twitter,https://example.com/news,-0.04870587436561555
1740351630147.671,2025-02-24 07:00:30,ZEC News Sample 4457,CryptoSlate,https://example.com/news,-0.08370454570148365
1740351630147.671,2025-02-24 07:00:30,ZEC News Sample 6284,Medium,https://example.com/news,0.04953945344491295
1740351630147.671,2025-02-24 07:00:30,ZEC News Sample 7775,Medium,https://example.com/news,-0.01557205983209059
1740351630147.671,2025-02-24 07:00:30,ZEC News Sample 3996,CoinDesk,https://example.com/news,-0.18782408585458119
1740438030147.671,2025-02-25 07:00:30,ZEC News Sample 3117,Medium,https://example.com/news,0.03472512524680299
1740438030147.671,2025-02-25 07:00:30,ZEC News Sample 1834,Twitter,https://example.com/news,-0.12646320446686504
1740438030147.671,2025-02-25 07:00:30,ZEC News Sample 3933,CryptoSlate,https://example.com/news,-0.050168769753709624
1740438030147.671,2025-02-25 07:00:30,ZEC News Sample 4929,CoinDesk,https://example.com/news,0.23442365045447433
1740524430147.671,2025-02-26 07:00:30,ZEC News Sample 8628,CryptoSlate,https://example.com/news,-0.05448816201233317
1740524430147.671,2025-02-26 07:00:30,ZEC News Sample 7008,Medium,https://example.com/news,0.013304728795356546
1740524430147.671,2025-02-26 07:00:30,ZEC News Sample 5071,Medium,https://example.com/news,0.13764442136938904
1740524430147.671,2025-02-26 07:00:30,ZEC News Sample 6401,CryptoSlate,https://example.com/news,0.14069312638553044
1740524430147.671,2025-02-26 07:00:30,ZEC News Sample 6712,Medium,https://example.com/news,0.26587335574418813
1740697230147.671,2025-02-28 07:00:30,ZEC News Sample 5510,CoinDesk,https://example.com/news,0.07221578381949356
1740697230147.671,2025-02-28 07:00:30,ZEC News Sample 5938,Medium,https://example.com/news,-0.24159025532347833
1740697230147.671,2025-02-28 07:00:30,ZEC News Sample 3560,Medium,https://example.com/news,0.160970778487751
1740697230147.671,2025-02-28 07:00:30,ZEC News Sample 1625,CryptoSlate,https://example.com/news,0.10786773799276367
1740783630147.671,2025-03-01 07:00:30,ZEC News Sample 2090,CryptoSlate,https://example.com/news,0.13579760069980418
1740783630147.671,2025-03-01 07:00:30,ZEC News Sample 9078,CoinDesk,https://example.com/news,0.13225270336792233
1740870030147.671,2025-03-02 07:00:30,ZEC News Sample 5782,CoinDesk,https://example.com/news,0.19363804092930587
1740870030147.671,2025-03-02 07:00:30,ZEC News Sample 8160,Medium,https://example.com/news,-0.483136977315636
1740870030147.671,2025-03-02 07:00:30,ZEC News Sample 8332,Medium,https://example.com/news,-0.08891797277132092
1740956430147.671,2025-03-03 07:00:30,ZEC News Sample 4052,CryptoSlate,https://example.com/news,-0.07410467084893266
1740956430147.671,2025-03-03 07:00:30,ZEC News Sample 3987,CryptoSlate,https://example.com/news,-0.10240170243151897
1740956430147.671,2025-03-03 07:00:30,ZEC News Sample 4833,CoinDesk,https://example.com/news,0.14735366179035791
1740956430147.671,2025-03-03 07:00:30,ZEC News Sample 5468,Medium,https://example.com/news,-0.0425359423112294
1741042830147.671,2025-03-04 07:00:30,ZEC News Sample 8375,Medium,https://example.com/news,-0.11349386809005396
1741042830147.671,2025-03-04 07:00:30,ZEC News Sample 8411,Medium,https://example.com/news,-0.009844745417678435
1741042830147.671,2025-03-04 07:00:30,ZEC News Sample 1597,Medium,https://example.com/news,-0.6748665575319743
1741129230147.671,2025-03-05 07:00:30,ZEC News Sample 9194,CoinDesk,https://example.com/news,0.1041027629494396
1741129230147.671,2025-03-05 07:00:30,ZEC News Sample 5770,Medium,https://example.com/news,0.43479274079374663
1741215630147.671,2025-03-06 07:00:30,ZEC News Sample 3230,CryptoSlate,https://example.com/news,-0.14425286976644247
1741302030147.671,2025-03-07 07:00:30,ZEC News Sample 9793,CoinDesk,https://example.com/news,0.6030344377317602
1741302030147.671,2025-03-07 07:00:30,ZEC News Sample 7967,CoinDesk,https://example.com/news,0.10225871031090061
1741302030147.671,2025-03-07 07:00:30,ZEC News Sample 5571,CoinDesk,https://example.com/news,-0.02908717641213973
1741474830147.671,2025-03-09 07:00:30,ZEC News Sample 9149,CryptoSlate,https://example.com/news,-0.15407930796654143
1741474830147.671,2025-03-09 07:00:30,ZEC News Sample 8955,CryptoSlate,https://example.com/news,0.19238021111617654
1741474830147.671,2025-03-09 07:00:30,ZEC News Sample 2254,Medium,https://example.com/news,-0.1689909349060082
1741474830147.671,2025-03-09 07:00:30,ZEC News Sample 2930,CoinDesk,https://example.com/news,-0.0757372685917504
1741561230147.671,2025-03-10 07:00:30,ZEC News Sample 8052,CryptoSlate,https://example.com/news,-0.8436513535331203
1741561230147.671,2025-03-10 07:00:30,ZEC News Sample 9607,CryptoSlate,https://example.com/news,0.05999694699445385
1741561230147.671,2025-03-10 07:00:30,ZEC News Sample 2121,Medium,https://example.com/news,-0.01518641353547831
1741647630147.671,2025-03-11 07:00:30,ZEC News Sample 1899,Medium,https://example.com/news,0.15333100564372099
1741647630147.671,2025-03-11 07:00:30,ZEC News Sample 6649,Medium,https://example.com/news,0.17888260149962387
1741647630147.671,2025-03-11 07:00:30,ZEC News Sample 9806,CryptoSlate,https://example.com/news,0.18542914483013706
1741647630147.671,2025-03-11 07:00:30,ZEC News Sample 6480,Twitter,https://example.com/news,0.05710000498668044
1741734030147.671,2025-03-12 07:00:30,ZEC News Sample 6117,Medium,https://example.com/news,-0.14089767419099647
1741734030147.671,2025-03-12 07:00:30,ZEC News Sample 2466,CryptoSlate,https://example.com/news,0.1472575357758263
1741734030147.671,2025-03-12 07:00:30,ZEC News Sample 7351,CoinDesk,https://example.com/news,-0.11265378058436744
1741734030147.671,2025-03-12 07:00:30,ZEC News Sample 9850,CryptoSlate,https://example.com/news,0.09671447204479833
1741906830147.671,2025-03-14 07:00:30,ZEC News Sample 9762,Twitter,https://example.com/news,-0.1256078455015034
1741906830147.671,2025-03-14 07:00:30,ZEC News Sample 6619,Medium,https://example.com/news,-0.7482916587961417
1741906830147.671,2025-03-14 07:00:30,ZEC News Sample 8175,Medium,https://example.com/news,-0.08531990242027808
1741993230147.671,2025-03-15 07:00:30,ZEC News Sample 2577,Medium,https://example.com/news,0.08555639301208323
1741993230147.671,2025-03-15 07:00:30,ZEC News Sample 6743,Medium,https://example.com/news,0.05786347316009738
1741993230147.671,2025-03-15 07:00:30,ZEC News Sample 2925,CoinDesk,https://example.com/news,-0.10290370659939274
1741993230147.671,2025-03-15 07:00:30,ZEC News Sample 7731,CoinDesk,https://example.com/news,-0.1729957598771133
1741993230147.671,2025-03-15 07:00:30,ZEC News Sample 9839,CoinDesk,https://example.com/news,-0.16774688394512738
1742166030147.671,2025-03-17 07:00:30,ZEC News Sample 4028,CryptoSlate,https://example.com/news,0.10135534044423927
1742166030147.671,2025-03-17 07:00:30,ZEC News Sample 6568,CoinDesk,https://example.com/news,0.0691628587734851
1742166030147.671,2025-03-17 07:00:30,ZEC News Sample 5180,Medium,https://example.com/news,0.10699656200420987
1742252430147.671,2025-03-18 07:00:30,ZEC News Sample 8886,CoinDesk,https://example.com/news,0.1788526711842705
1742252430147.671,2025-03-18 07:00:30,ZEC News Sample 3026,Medium,https://example.com/news,-0.052641205122208407
1742252430147.671,2025-03-18 07:00:30,ZEC News Sample 4160,Twitter,https://example.com/news,-0.4440673886748332
1742338830147.671,2025-03-19 07:00:30,ZEC News Sample 2720,Twitter,https://example.com/news,0.025795357251743756
1742338830147.671,2025-03-19 07:00:30,ZEC News Sample 1144,Twitter,https://example.com/news,0.1416410336507108
1742338830147.671,2025-03-19 07:00:30,ZEC News Sample 6603,CoinDesk,https://example.com/news,0.0698174232383385
1742425230147.671,2025-03-20 07:00:30,ZEC News Sample 4341,Medium,https://example.com/news,-0.1632623469643474
1742425230147.671,2025-03-20 07:00:30,ZEC News Sample 1643,Twitter,https://example.com/news,0.009742631013019143
1742511630147.671,2025-03-21 07:00:30,ZEC News Sample 3189,Twitter,https://example.com/news,0.22775414981851583
1742511630147.671,2025-03-21 07:00:30,ZEC News Sample 4303,CryptoSlate,https://example.com/news,-0.1742634719289301
1742598030147.671,2025-03-22 07:00:30,ZEC News Sample 8788,CryptoSlate,https://example.com/news,0.12579264728590944
1742684430147.671,2025-03-23 07:00:30,ZEC News Sample 3024,CoinDesk,https://example.com/news,-0.18476120045638478
1742684430147.671,2025-03-23 07:00:30,ZEC News Sample 6988,CoinDesk,https://example.com/news,-0.02551483089753473
1742684430147.671,2025-03-23 07:00:30,ZEC News Sample 2002,Twitter,https://example.com/news,-0.06229926267289154
1742684430147.671,2025-03-23 07:00:30,ZEC News Sample 9329,CryptoSlate,https://example.com/news,0.11493774040394833
1742684430147.671,2025-03-23 07:00:30,ZEC News Sample 8715,CoinDesk,https://example.com/news,-0.10832053755097998
1742770830147.671,2025-03-24 07:00:30,ZEC News Sample 2326,CoinDesk,https://example.com/news,0.177654892791769
1742857230147.671,2025-03-25 07:00:30,ZEC News Sample 5873,Medium,https://example.com/news,-0.019155301418666643
1742857230147.671,2025-03-25 07:00:30,ZEC News Sample 8055,Twitter,https://example.com/news,0.13616176196646673
1742943630147.671,2025-03-26 07:00:30,ZEC News Sample 3005,CryptoSlate,https://example.com/news,-0.08379798514265212
1742943630147.671,2025-03-26 07:00:30,ZEC News Sample 6204,Medium,https://example.com/news,-0.07929371729485846
1742943630147.671,2025-03-26 07:00:30,ZEC News Sample 8030,CryptoSlate,https://example.com/news,0.11502658455465326
1743030030147.671,2025-03-27 07:00:30,ZEC News Sample 2449,Twitter,https://example.com/news,0.05670367693677897
1743030030147.671,2025-03-27 07:00:30,ZEC News Sample 4769,CryptoSlate,https://example.com/news,0.04097237411579932
1743030030147.671,2025-03-27 07:00:30,ZEC News Sample 9538,Medium,https://example.com/news,-0.39745513508132246
1743030030147.671,2025-03-27 07:00:30,ZEC News Sample 3530,Medium,https://example.com/news,0.051591946301760894
1743116430147.671,2025-03-28 07:00:30,ZEC News Sample 1521,Medium,https://example.com/news,-0.08263714211760442
1743202830147.671,2025-03-29 07:00:30,ZEC News Sample 9041,CoinDesk,https://example.com/news,-0.11762456051841803
1743202830147.671,2025-03-29 07:00:30,ZEC News Sample 8124,Medium,https://example.com/news,-0.12364837786003124
1743202830147.671,2025-03-29 07:00:30,ZEC News Sample 4717,CoinDesk,https://example.com/news,0.12925834142394987
1743375630147.671,2025-03-31 07:00:30,ZEC News Sample 7509,CryptoSlate,https://example.com/news,0.17511268602282515
1743375630147.671,2025-03-31 07:00:30,ZEC News Sample 3875,CryptoSlate,https://example.com/news,0.16177130197301487
1743375630147.671,2025-03-31 07:00:30,ZEC News Sample 3060,Twitter,https://example.com/news,-0.03637515743985756
1743375630147.671,2025-03-31 07:00:30,ZEC News Sample 7203,CryptoSlate,https://example.com/news,-0.0776403056226021
1743462030147.671,2025-04-01 07:00:30,ZEC News Sample 9852,Medium,https://example.com/news,-0.19904002832834103
1743548430147.671,2025-04-02 07:00:30,ZEC News Sample 3817,Medium,https://example.com/news,0.06945157158265841
1743548430147.671,2025-04-02 07:00:30,ZEC News Sample 6520,Medium,https://example.com/news,0.07725661227676134
1743548430147.671,2025-04-02 07:00:30,ZEC News Sample 3643,CryptoSlate,https://example.com/news,0.07388736919779715
1743548430147.671,2025-04-02 07:00:30,ZEC News Sample 5641,Medium,https://example.com/news,0.07042931610212955
1743634830147.671,2025-04-03 07:00:30,ZEC News Sample 2371,CoinDesk,https://example.com/news,-0.17132838343739182
1743721230147.671,2025-04-04 07:00:30,ZEC News Sample 5334,CoinDesk,https://example.com/news,0.19199933541193753
1743721230147.671,2025-04-04 07:00:30,ZEC News Sample 6378,CryptoSlate,https://example.com/news,-0.06835654716420528
1743894030147.671,2025-04-06 07:00:30,ZEC News Sample 2451,Twitter,https://example.com/news,0.025801973831655667
1743980430147.671,2025-04-07 07:00:30,ZEC News Sample 8708,Medium,https://example.com/news,-0.5499016281518372
1744066830147.671,2025-04-08 07:00:30,ZEC News Sample 4823,Twitter,https://example.com/news,-0.08451260292359426
1744153230147.671,2025-04-09 07:00:30,ZEC News Sample 6793,CoinDesk,https://example.com/news,-0.02199143361255204
1744153230147.671,2025-04-09 07:00:30,ZEC News Sample 4240,Medium,https://example.com/news,0.18261035971433165
1744153230147.671,2025-04-09 07:00:30,ZEC News Sample 7375,Medium,https://example.com/news,-0.19754212547568992
1744153230147.671,2025-04-09 07:00:30,ZEC News Sample 2767,CoinDesk,https://example.com/news,-0.04273104049851831
1744239630147.671,2025-04-10 07:00:30,ZEC News Sample 8171,CoinDesk,https://example.com/news,-0.049426848671207196
1744239630147.671,2025-04-10 07:00:30,ZEC News Sample 4066,CryptoSlate,https://example.com/news,-0.1204336266625425
1744239630147.671,2025-04-10 07:00:30,ZEC News Sample 8850,Medium,https://example.com/news,-0.08573811193030077
1744239630147.671,2025-04-10 07:00:30,ZEC News Sample 2561,CoinDesk,https://example.com/news,0.05637996343496948
1744326030147.671,2025-04-11 07:00:30,ZEC News Sample 3213,Medium,https://example.com/news,-0.05368557433377705
1744326030147.671,2025-04-11 07:00:30,ZEC News Sample 9718,CoinDesk,https://example.com/news,0.04651485396063748
1744326030147.671,2025-04-11 07:00:30,ZEC News Sample 4169,CoinDesk,https://example.com/news,-0.19047219549623087
1744326030147.671,2025-04-11 07:00:30,ZEC News Sample 1640,Twitter,https://example.com/news,0.152624201760361
1744326030147.671,2025-04-11 07:00:30,ZEC News Sample 6062,CoinDesk,https://example.com/news,0.01027800980129076
1744498830147.671,2025-04-13 07:00:30,ZEC News Sample 4801,CryptoSlate,https://example.com/news,-0.08948946790681363
1744498830147.671,2025-04-13 07:00:30,ZEC News Sample 6807,Twitter,https://example.com/news,0.1665298159115659
1744585230147.671,2025-04-14 07:00:30,ZEC News Sample 4192,Twitter,https://example.com/news,-0.03235790492244614
1744585230147.671,2025-04-14 07:00:30,ZEC News Sample 1614,CryptoSlate,https://example.com/news,0.01984410755572341
1744758030147.671,2025-04-16 07:00:30,ZEC News Sample 7028,CryptoSlate,https://example.com/news,-0.0031460367267320266
1744758030147.671,2025-04-16 07:00:30,ZEC News Sample 2204,Twitter,https://example.com/news,-0.14654432906959525
1744758030147.671,2025-04-16 07:00:30,ZEC News Sample 1313,Twitter,https://example.com/news,-0.40271459021502
1744844430147.671,2025-04-17 07:00:30,ZEC News Sample 7931,Twitter,https://example.com/news,0.12830073791027902
1744844430147.671,2025-04-17 07:00:30,ZEC News Sample 5029,CryptoSlate,https://example.com/news,-0.19658861579029152
1744844430147.671,2025-04-17 07:00:30,ZEC News Sample 3765,Twitter,https://example.com/news,0.035257723733695207
1744930830147.671,2025-04-18 07:00:30,ZEC News Sample 4812,CoinDesk,https://example.com/news,0.0052754849447841645
1744930830147.671,2025-04-18 07:00:30,ZEC News Sample 9927,Twitter,https://example.com/news,-0.011415413259950213
1745103630147.671,2025-04-20 07:00:30,ZEC News Sample 2167,CoinDesk,https://example.com/news,-0.07055431397136794
1745103630147.671,2025-04-20 07:00:30,ZEC News Sample 5876,Twitter,https://example.com/news,-0.1708532486744385
1745276430147.671,2025-04-22 07:00:30,ZEC News Sample 6494,Medium,https://example.com/news,-0.02449341691895013
1745276430147.671,2025-04-22 07:00:30,ZEC News Sample 7120,Twitter,https://example.com/news,0.06026025416058911
1745276430147.671,2025-04-22 07:00:30,ZEC News Sample 8211,Twitter,https://example.com/news,0.19924042178066576
1745276430147.671,2025-04-22 07:00:30,ZEC News Sample 9203,Twitter,https://example.com/news,0.023694530274581516
1745276430147.671,2025-04-22 07:00:30,ZEC News Sample 4688,Twitter,https://example.com/news,0.008202585146127428
1745362830147.671,2025-04-23 07:00:30,ZEC News Sample 9744,Twitter,https://example.com/news,-0.06518200200231203
1745449230147.671,2025-04-24 07:00:30,ZEC News Sample 2090,CoinDesk,https://example.com/news,-0.167639407131498
1745449230147.671,2025-04-24 07:00:30,ZEC News Sample 5770,Twitter,https://example.com/news,-0.12135993316118064
1745449230147.671,2025-04-24 07:00:30,ZEC News Sample 6155,CryptoSlate,https://example.com/news,-0.13146588672769144
1745449230147.671,2025-04-24 07:00:30,ZEC News Sample 9852,Medium,https://example.com/news,0.13591441971782425
1745535630147.671,2025-04-25 07:00:30,ZEC News Sample 6211,Twitter,https://example.com/news,0.07245128333768741
1745622030147.671,2025-04-26 07:00:30,ZEC News Sample 5937,Medium,https://example.com/news,0.5916706160180736
1745622030147.671,2025-04-26 07:00:30,ZEC News Sample 7361,CoinDesk,https://example.com/news,-0.08034614548112683
1745622030147.671,2025-04-26 07:00:30,ZEC News Sample 6559,Twitter,https://example.com/news,-0.08294942434646019
1745622030147.671,2025-04-26 07:00:30,ZEC News Sample 2269,Medium,https://example.com/news,-0.054524494644386495
1745708430147.671,2025-04-27 07:00:30,ZEC News Sample 2137,Twitter,https://example.com/news,0.03278118363999108
1745708430147.671,2025-04-27 07:00:30,ZEC News Sample 5839,CoinDesk,https://example.com/news,-0.15620407742834944
1745708430147.671,2025-04-27 07:00:30,ZEC News Sample 3886,Medium,https://example.com/news,0.03102239095043835
1745708430147.671,2025-04-27 07:00:30,ZEC News Sample 4264,Twitter,https://example.com/news,-0.12393655936494259
1745708430147.671,2025-04-27 07:00:30,ZEC News Sample 3401,Twitter,https://example.com/news,0.05171444482271975
1745794830147.671,2025-04-28 07:00:30,ZEC News Sample 6059,CryptoSlate,https://example.com/news,-0.06622573386406813
1745967630147.671,2025-04-30 07:00:30,ZEC News Sample 3715,Medium,https://example.com/news,-0.09517281536008407
1745967630147.671,2025-04-30 07:00:30,ZEC News Sample 4856,Twitter,https://example.com/news,0.03971448572380237
1745967630147.671,2025-04-30 07:00:30,ZEC News Sample 2623,CryptoSlate,https://example.com/news,-0.04660248640530518
1745967630147.671,2025-04-30 07:00:30,ZEC News Sample 4401,CoinDesk,https://example.com/news,-0.13332597045284517
1746054030147.671,2025-05-01 07:00:30,ZEC News Sample 8852,CoinDesk,https://example.com/news,-0.11300072359011955
1746054030147.671,2025-05-01 07:00:30,ZEC News Sample 7857,Twitter,https://example.com/news,0.008501165037384212
1746054030147.671,2025-05-01 07:00:30,ZEC News Sample 4439,Twitter,https://example.com/news,-0.03280447962491059
1746054030147.671,2025-05-01 07:00:30,ZEC News Sample 2918,Medium,https://example.com/news,-0.15816710601057504
1746140430147.671,2025-05-02 07:00:30,ZEC News Sample 5048,Twitter,https://example.com/news,-0.98948698407223
1746226830147.671,2025-05-03 07:00:30,ZEC News Sample 6760,Medium,https://example.com/news,-0.18225823160321475
1746226830147.671,2025-05-03 07:00:30,ZEC News Sample 8640,CoinDesk,https://example.com/news,0.10203834127890937
1746226830147.671,2025-05-03 07:00:30,ZEC News Sample 5424,Medium,https://example.com/news,0.11244939924780395
1746226830147.671,2025-05-03 07:00:30,ZEC News Sample 2096,CoinDesk,https://example.com/news,0.06546834227461351
1746226830147.671,2025-05-03 07:00:30,ZEC News Sample 7874,Medium,https://example.com/news,-0.10529878315359072
1746313230147.671,2025-05-04 07:00:30,ZEC News Sample 5952,Twitter,https://example.com/news,-0.15160199355902726
1746313230147.671,2025-05-04 07:00:30,ZEC News Sample 5866,CryptoSlate,https://example.com/news,-0.12412220514446554
1746399630147.671,2025-05-05 07:00:30,ZEC News Sample 5012,CoinDesk,https://example.com/news,-0.00818208607560389
1746399630147.671,2025-05-05 07:00:30,ZEC News Sample 6802,CryptoSlate,https://example.com/news,-0.0245808914861263
1746486030147.671,2025-05-06 07:00:30,ZEC News Sample 3310,Medium,https://example.com/news,-0.15090114331627388
1746572430147.671,2025-05-07 07:00:30,ZEC News Sample 2711,CryptoSlate,https://example.com/news,-0.1017294737383975
1746572430147.671,2025-05-07 07:00:30,ZEC News Sample 1133,CoinDesk,https://example.com/news,-0.16776345582649538
1746572430147.671,2025-05-07 07:00:30,ZEC News Sample 6719,Medium,https://example.com/news,0.9668860913672672
1746658830147.671,2025-05-08 07:00:30,ZEC News Sample 4886,CryptoSlate,https://example.com/news,-0.11579227518646046
1746658830147.671,2025-05-08 07:00:30,ZEC News Sample 7434,CoinDesk,https://example.com/news,0.07409143110663718
1746745230147.671,2025-05-09 07:00:30,ZEC News Sample 1706,Medium,https://example.com/news,0.12056665896604785
1746745230147.671,2025-05-09 07:00:30,ZEC News Sample 6439,Twitter,https://example.com/news,0.10779563827995758
1746745230147.671,2025-05-09 07:00:30,ZEC News Sample 2283,Twitter,https://example.com/news,0.003077347683608428
1746918030147.671,2025-05-11 07:00:30,ZEC News Sample 5045,CryptoSlate,https://example.com/news,0.04029423711703303
1746918030147.671,2025-05-11 07:00:30,ZEC News Sample 4097,Twitter,https://example.com/news,-0.11392928003507877
1746918030147.671,2025-05-11 07:00:30,ZEC News Sample 6373,Twitter,https://example.com/news,0.9969970506483192
1746918030147.671,2025-05-11 07:00:30,ZEC News Sample 5437,CryptoSlate,https://example.com/news,-0.15745905490599663
1747004430147.671,2025-05-12 07:00:30,ZEC News Sample 9491,CryptoSlate,https://example.com/news,-0.14460455426697233
1747004430147.671,2025-05-12 07:00:30,ZEC News Sample 9385,Medium,https://example.com/news,0.17308305750500702
1747004430147.671,2025-05-12 07:00:30,ZEC News Sample 9469,Twitter,https://example.com/news,-0.004291907726871935
1747004430147.671,2025-05-12 07:00:30,ZEC News Sample 1865,CryptoSlate,https://example.com/news,0.04765619043383529
1747004430147.671,2025-05-12 07:00:30,ZEC News Sample 3326,Medium,https://example.com/news,0.04099882567793234
1747090830147.671,2025-05-13 07:00:30,ZEC News Sample 4194,Twitter,https://example.com/news,-0.056298692041878845
1747177230147.671,2025-05-14 07:00:30,ZEC News Sample 4336,Twitter,https://example.com/news,-0.01117347796227039
1747177230147.671,2025-05-14 07:00:30,ZEC News Sample 2723,CoinDesk,https://example.com/news,-0.9822586668816813
1747263630147.671,2025-05-15 07:00:30,ZEC News Sample 3055,CryptoSlate,https://example.com/news,0.15420920513023262
1747263630147.671,2025-05-15 07:00:30,ZEC News Sample 2615,Twitter,https://example.com/news,0.1558330064331565
1747263630147.671,2025-05-15 07:00:30,ZEC News Sample 9612,CryptoSlate,https://example.com/news,-0.4034546677301232
1747263630147.671,2025-05-15 07:00:30,ZEC News Sample 1087,CoinDesk,https://example.com/news,-0.197995040025282
1747350030147.671,2025-05-16 07:00:30,ZEC News Sample 5740,Medium,https://example.com/news,0.004921212358672544
1747350030147.671,2025-05-16 07:00:30,ZEC News Sample 5365,Medium,https://example.com/news,0.08188640789129964
1747350030147.671,2025-05-16 07:00:30,ZEC News Sample 4775,CryptoSlate,https://example.com/news,0.41951747379595683
1747522830147.671,2025-05-18 07:00:30,ZEC News Sample 6083,CoinDesk,https://example.com/news,0.019254777075001644
1747609230147.671,2025-05-19 07:00:30,ZEC News Sample 4411,CryptoSlate,https://example.com/news,0.02155521533092991
1747609230147.671,2025-05-19 07:00:30,ZEC News Sample 6056,CryptoSlate,https://example.com/news,-0.05449255516556187
1747609230147.671,2025-05-19 07:00:30,ZEC News Sample 3939,Twitter,https://example.com/news,0.13716458414883026
1747609230147.671,2025-05-19 07:00:30,ZEC News Sample 4778,Medium,https://example.com/news,-0.5320438075216294
1747695630147.671,2025-05-20 07:00:30,ZEC News Sample 8319,CryptoSlate,https://example.com/news,0.7051618396518835
1747695630147.671,2025-05-20 07:00:30,ZEC News Sample 9300,CoinDesk,https://example.com/news,0.13379407454630998
1747695630147.671,2025-05-20 07:00:30,ZEC News Sample 2445,CoinDesk,https://example.com/news,0.2636935892819099
1747695630147.671,2025-05-20 07:00:30,ZEC News Sample 9801,Twitter,https://example.com/news,0.028721917924845464
1747782030147.671,2025-05-21 07:00:30,ZEC News Sample 9757,Twitter,https://example.com/news,-0.08061142742818445
1747868430147.671,2025-05-22 07:00:30,ZEC News Sample 7703,CryptoSlate,https://example.com/news,0.08401444210377546
1747868430147.671,2025-05-22 07:00:30,ZEC News Sample 6059,CryptoSlate,https://example.com/news,-0.19799674119468655
1747868430147.671,2025-05-22 07:00:30,ZEC News Sample 1314,Twitter,https://example.com/news,0.05946676401664974
1747954830147.671,2025-05-23 07:00:30,ZEC News Sample 1394,CryptoSlate,https://example.com/news,-0.034901902833589515
1747954830147.671,2025-05-23 07:00:30,ZEC News Sample 1806,Twitter,https://example.com/news,-0.011084603134555726
1748041230147.671,2025-05-24 07:00:30,ZEC News Sample 5129,Twitter,https://example.com/news,-0.10956525169610276
1748041230147.671,2025-05-24 07:00:30,ZEC News Sample 8127,Medium,https://example.com/news,-0.11145136194421275
1748127630147.671,2025-05-25 07:00:30,ZEC News Sample 9692,Medium,https://example.com/news,0.1336845209952231
1748127630147.671,2025-05-25 07:00:30,ZEC News Sample 9680,Twitter,https://example.com/news,0.015772901756414465
1748127630147.671,2025-05-25 07:00:30,ZEC News Sample 6279,CoinDesk,https://example.com/news,-0.17305122582483273
1748127630147.671,2025-05-25 07:00:30,ZEC News Sample 5117,Medium,https://example.com/news,0.10595130570602102
1748214030147.671,2025-05-26 07:00:30,ZEC News Sample 3492,CryptoSlate,https://example.com/news,-0.11047025089016978
1748214030147.671,2025-05-26 07:00:30,ZEC News Sample 7586,Twitter,https://example.com/news,-0.03908445971995772
1748214030147.671,2025-05-26 07:00:30,ZEC News Sample 6340,Medium,https://example.com/news,-0.0645896104363545
1748300430147.671,2025-05-27 07:00:30,ZEC News Sample 1275,Medium,https://example.com/news,-0.1403630342302678
1748300430147.671,2025-05-27 07:00:30,ZEC News Sample 2605,Medium,https://example.com/news,0.1085578269946616
1748300430147.671,2025-05-27 07:00:30,ZEC News Sample 5172,CryptoSlate,https://example.com/news,0.6863678341639139
1748300430147.671,2025-05-27 07:00:30,ZEC News Sample 5592,CryptoSlate,https://example.com/news,0.05891713889875971
1748473230147.671,2025-05-29 07:00:30,ZEC News Sample 6070,CryptoSlate,https://example.com/news,0.09797229627254367
1748473230147.671,2025-05-29 07:00:30,ZEC News Sample 9589,CoinDesk,https://example.com/news,-0.1882631124266153
1748559630147.671,2025-05-30 07:00:30,ZEC News Sample 8634,Medium,https://example.com/news,0.19491016511929082
1748559630147.671,2025-05-30 07:00:30,ZEC News Sample 6835,CoinDesk,https://example.com/news,0.1609042442852553
1748559630147.671,2025-05-30 07:00:30,ZEC News Sample 3445,CoinDesk,https://example.com/news,0.13384598617633875
1748559630147.671,2025-05-30 07:00:30,ZEC News Sample 7827,CryptoSlate,https://example.com/news,0.05892709209474023
1748559630147.671,2025-05-30 07:00:30,ZEC News Sample 6112,Medium,https://example.com/news,-0.1991484876765154
1748646030147.671,2025-05-31 07:00:30,ZEC News Sample 6260,Medium,https://example.com/news,-0.04113641350535166
1748646030147.671,2025-05-31 07:00:30,ZEC News Sample 2210,Medium,https://example.com/news,0.08831967154256676
1748646030147.671,2025-05-31 07:00:30,ZEC News Sample 9020,Medium,https://example.com/news,0.11486629263903225
1748646030147.671,2025-05-31 07:00:30,ZEC News Sample 2529,Twitter,https://example.com/news,0.05438710194664631
1748732430147.671,2025-06-01 07:00:30,ZEC News Sample 3142,CoinDesk,https://example.com/news,0.08176629555621495
1748732430147.671,2025-06-01 07:00:30,ZEC News Sample 5280,CoinDesk,https://example.com/news,0.03140508879172049
1748732430147.671,2025-06-01 07:00:30,ZEC News Sample 1997,Twitter,https://example.com/news,-0.13557800564368583
1748732430147.671,2025-06-01 07:00:30,ZEC News Sample 2304,Medium,https://example.com/news,0.029726727764596728
1748905230147.671,2025-06-03 07:00:30,ZEC News Sample 4621,CryptoSlate,https://example.com/news,0.06546746729233732
1748905230147.671,2025-06-03 07:00:30,ZEC News Sample 7420,CryptoSlate,https://example.com/news,0.053514285338405465
1749078030147.671,2025-06-05 07:00:30,ZEC News Sample 3341,CoinDesk,https://example.com/news,-0.05094125432649066
1749078030147.671,2025-06-05 07:00:30,ZEC News Sample 1869,Twitter,https://example.com/news,0.007053863756402823
1749078030147.671,2025-06-05 07:00:30,ZEC News Sample 1996,CryptoSlate,https://example.com/news,0.7780317082364434
1749164430147.671,2025-06-06 07:00:30,ZEC News Sample 6331,Twitter,https://example.com/news,-0.004255437054923095
1749164430147.671,2025-06-06 07:00:30,ZEC News Sample 2380,Twitter,https://example.com/news,0.11957357804030289
1749164430147.671,2025-06-06 07:00:30,ZEC News Sample 3212,CoinDesk,https://example.com/news,0.11508338558360154
1749164430147.671,2025-06-06 07:00:30,ZEC News Sample 4003,Twitter,https://example.com/news,0.016496346204913193
1749250830147.671,2025-06-07 07:00:30,ZEC News Sample 4197,CryptoSlate,https://example.com/news,-0.09354933084802419
1749337230147.671,2025-06-08 07:00:30,ZEC News Sample 4803,CoinDesk,https://example.com/news,-0.004786159683354413
1749423630147.671,2025-06-09 07:00:30,ZEC News Sample 8209,Twitter,https://example.com/news,-0.08827584923571981
1749423630147.671,2025-06-09 07:00:30,ZEC News Sample 9881,Medium,https://example.com/news,-0.05151262883425223
1749423630147.671,2025-06-09 07:00:30,ZEC News Sample 1963,CryptoSlate,https://example.com/news,0.83680080672324
1749596430147.671,2025-06-11 07:00:30,ZEC News Sample 3524,Twitter,https://example.com/news,0.050021940242009455
1749855630147.671,2025-06-14 07:00:30,ZEC News Sample 1470,Medium,https://example.com/news,-0.16743374959913232
1749855630147.671,2025-06-14 07:00:30,ZEC News Sample 6024,Twitter,https://example.com/news,0.15502043624047362
1749855630147.671,2025-06-14 07:00:30,ZEC News Sample 9137,Twitter,https://example.com/news,-0.18829315341302794
1749855630147.671,2025-06-14 07:00:30,ZEC News Sample 1258,CryptoSlate,https://example.com/news,0.03900826687692702
1749855630147.671,2025-06-14 07:00:30,ZEC News Sample 4387,CoinDesk,https://example.com/news,-0.15392228536360342
1749942030147.671,2025-06-15 07:00:30,ZEC News Sample 4974,Medium,https://example.com/news,0.03548842895468915
1749942030147.671,2025-06-15 07:00:30,ZEC News Sample 5102,CoinDesk,https://example.com/news,-0.11241123920228549
1749942030147.671,2025-06-15 07:00:30,ZEC News Sample 6233,Twitter,https://example.com/news,-0.0795465945671055
1750028430147.671,2025-06-16 07:00:30,ZEC News Sample 4160,Twitter,https://example.com/news,0.034975973185000064
1750028430147.671,2025-06-16 07:00:30,ZEC News Sample 9082,CryptoSlate,https://example.com/news,0.045055549287325025
1750028430147.671,2025-06-16 07:00:30,ZEC News Sample 4249,CoinDesk,https://example.com/news,-0.020651020961581834
1750028430147.671,2025-06-16 07:00:30,ZEC News Sample 7195,CoinDesk,https://example.com/news,-0.1747777126261652
1750114830147.671,2025-06-17 07:00:30,ZEC News Sample 8631,Medium,https://example.com/news,-0.17268582212162464
1750114830147.671,2025-06-17 07:00:30,ZEC News Sample 7290,Medium,https://example.com/news,-0.19114300522323766
1750201230147.671,2025-06-18 07:00:30,ZEC News Sample 4311,Medium,https://example.com/news,-0.8135287147229004
1750201230147.671,2025-06-18 07:00:30,ZEC News Sample 8531,CoinDesk,https://example.com/news,0.06743119264164404
1750201230147.671,2025-06-18 07:00:30,ZEC News Sample 7773,Medium,https://example.com/news,0.13506579950254122
1750201230147.671,2025-06-18 07:00:30,ZEC News Sample 4352,Twitter,https://example.com/news,0.038343168432814156
1750201230147.671,2025-06-18 07:00:30,ZEC News Sample 7356,CoinDesk,https://example.com/news,-0.0369455453747099
1750287630147.671,2025-06-19 07:00:30,ZEC News Sample 4792,CryptoSlate,https://example.com/news,0.1300104365047739
1750287630147.671,2025-06-19 07:00:30,ZEC News Sample 8382,CryptoSlate,https://example.com/news,-0.1823395193414851
1750287630147.671,2025-06-19 07:00:30,ZEC News Sample 9936,Twitter,https://example.com/news,0.08063599259009924
1750287630147.671,2025-06-19 07:00:30,ZEC News Sample 9656,CryptoSlate,https://example.com/news,0.1022489807556537
1750287630147.671,2025-06-19 07:00:30,ZEC News Sample 2176,Medium,https://example.com/news,0.06544072148022861
1750374030147.671,2025-06-20 07:00:30,ZEC News Sample 6041,CryptoSlate,https://example.com/news,-0.1717005110098474
1750374030147.671,2025-06-20 07:00:30,ZEC News Sample 9554,CoinDesk,https://example.com/news,-0.22448370416059538
1750460430147.671,2025-06-21 07:00:30,ZEC News Sample 3439,Twitter,https://example.com/news,0.11706028416246234
1750460430147.671,2025-06-21 07:00:30,ZEC News Sample 5145,CryptoSlate,https://example.com/news,-0.010718581619076295
1750460430147.671,2025-06-21 07:00:30,ZEC News Sample 7259,CoinDesk,https://example.com/news,0.13740687192993667
1750460430147.671,2025-06-21 07:00:30,ZEC News Sample 5306,CoinDesk,https://example.com/news,0.06532275270606058
1750546830147.671,2025-06-22 07:00:30,ZEC News Sample 1421,Medium,https://example.com/news,-0.18246269090557177
1750546830147.671,2025-06-22 07:00:30,ZEC News Sample 8738,CoinDesk,https://example.com/news,-0.03186275488795859
1750546830147.671,2025-06-22 07:00:30,ZEC News Sample 9357,CoinDesk,https://example.com/news,0.17731633828567905
1750546830147.671,2025-06-22 07:00:30,ZEC News Sample 3587,Medium,https://example.com/news,0.020996366393941368
1750633230147.671,2025-06-23 07:00:30,ZEC News Sample 7718,CryptoSlate,https://example.com/news,0.07266339965831647
1750633230147.671,2025-06-23 07:00:30,ZEC News Sample 1815,Medium,https://example.com/news,0.9132613920003254
1750633230147.671,2025-06-23 07:00:30,ZEC News Sample 4212,CoinDesk,https://example.com/news,0.04487046559593902
1750633230147.671,2025-06-23 07:00:30,ZEC News Sample 9942,CryptoSlate,https://example.com/news,-0.1055969897635825
1750633230147.671,2025-06-23 07:00:30,ZEC News Sample 7573,CryptoSlate,https://example.com/news,0.18344864985265297
1750719630147.671,2025-06-24 07:00:30,ZEC News Sample 7233,CryptoSlate,https://example.com/news,0.16700485974544987
1750719630147.671,2025-06-24 07:00:30,ZEC News Sample 2433,CoinDesk,https://example.com/news,0.12722078780547902
1750719630147.671,2025-06-24 07:00:30,ZEC News Sample 5414,CryptoSlate,https://example.com/news,0.11742439802419907
1750806030147.671,2025-06-25 07:00:30,ZEC News Sample 8765,Twitter,https://example.com/news,0.18009631396827247
1750806030147.671,2025-06-25 07:00:30,ZEC News Sample 3602,CoinDesk,https://example.com/news,-0.10477484066531768
1750978830147.671,2025-06-27 07:00:30,ZEC News Sample 2773,CoinDesk,https://example.com/news,-0.18187680437909354
1750978830147.671,2025-06-27 07:00:30,ZEC News Sample 3926,CoinDesk,https://example.com/news,0.10604347837639055
1750978830147.671,2025-06-27 07:00:30,ZEC News Sample 2577,Twitter,https://example.com/news,0.13899336493037662
1751065230147.671,2025-06-28 07:00:30,ZEC News Sample 9305,CoinDesk,https://example.com/news,0.9223144909668972
1751065230147.671,2025-06-28 07:00:30,ZEC News Sample 2753,Twitter,https://example.com/news,-0.06709723144182456
1751065230147.671,2025-06-28 07:00:30,ZEC News Sample 2216,CryptoSlate,https://example.com/news,-0.10064746880711067
1751151630147.671,2025-06-29 07:00:30,ZEC News Sample 2326,CryptoSlate,https://example.com/news,0.1587023535254542
1751151630147.671,2025-06-29 07:00:30,ZEC News Sample 8610,CryptoSlate,https://example.com/news,-0.08567458217450455
1751151630147.671,2025-06-29 07:00:30,ZEC News Sample 3456,CoinDesk,https://example.com/news,0.1065885792925313
1751151630147.671,2025-06-29 07:00:30,ZEC News Sample 6914,CryptoSlate,https://example.com/news,-0.13825938479915723
1751238030147.671,2025-06-30 07:00:30,ZEC News Sample 3061,CoinDesk,https://example.com/news,0.1442557137137323
1751238030147.671,2025-06-30 07:00:30,ZEC News Sample 1455,Twitter,https://example.com/news,-0.5847643114821686
1751670030147.671,2025-07-05 07:00:30,ZEC News Sample 5064,Medium,https://example.com/news,0.04076119673903186
1751670030147.671,2025-07-05 07:00:30,ZEC News Sample 2962,CryptoSlate,https://example.com/news,0.0069145446743001104
1751756430147.671,2025-07-06 07:00:30,ZEC News Sample 6151,CoinDesk,https://example.com/news,0.1450923378497057
1751756430147.671,2025-07-06 07:00:30,ZEC News Sample 7046,Medium,https://example.com/news,0.03683025078301019
1751756430147.671,2025-07-06 07:00:30,ZEC News Sample 6856,Twitter,https://example.com/news,-0.1656000535282201
1751756430147.671,2025-07-06 07:00:30,ZEC News Sample 6886,CoinDesk,https://example.com/news,0.10256275230266482
1751842830147.671,2025-07-07 07:00:30,ZEC News Sample 1024,Medium,https://example.com/news,0.14272630133438557
1751929230147.671,2025-07-08 07:00:30,ZEC News Sample 9727,CryptoSlate,https://example.com/news,0.09230280393264256
1751929230147.671,2025-07-08 07:00:30,ZEC News Sample 7434,CryptoSlate,https://example.com/news,-0.1920686046339647
1752015630147.671,2025-07-09 07:00:30,ZEC News Sample 8659,Medium,https://example.com/news,0.12922054557076773
1752015630147.671,2025-07-09 07:00:30,ZEC News Sample 2312,Twitter,https://example.com/news,-0.11364046987447646
1752102030147.671,2025-07-10 07:00:30,ZEC News Sample 4557,CoinDesk,https://example.com/news,-0.07685156751431395
1752102030147.671,2025-07-10 07:00:30,ZEC News Sample 2477,Medium,https://example.com/news,-0.16680173070714718
1752102030147.671,2025-07-10 07:00:30,ZEC News Sample 7107,CryptoSlate,https://example.com/news,-0.006394069045459
1752102030147.671,2025-07-10 07:00:30,ZEC News Sample 3120,CoinDesk,https://example.com/news,0.13314461065313943
1752102030147.671,2025-07-10 07:00:30,ZEC News Sample 2826,Medium,https://example.com/news,0.06789937833356186
1752188430147.671,2025-07-11 07:00:30,ZEC News Sample 1482,CoinDesk,https://example.com/news,0.13332588545485818
1752447630147.671,2025-07-14 07:00:30,ZEC News Sample 2770,CoinDesk,https://example.com/news,0.13197587693111817
1752447630147.671,2025-07-14 07:00:30,ZEC News Sample 5717,CryptoSlate,https://example.com/news,-0.14693743263448344
1752447630147.671,2025-07-14 07:00:30,ZEC News Sample 7224,Medium,https://example.com/news,0.1955244211431143
1752620430147.671,2025-07-16 07:00:30,ZEC News Sample 9284,Medium,https://example.com/news,0.11381006568554936
1752706830147.671,2025-07-17 07:00:30,ZEC News Sample 9044,CryptoSlate,https://example.com/news,-0.16233961948324424
1752706830147.671,2025-07-17 07:00:30,ZEC News Sample 3244,Twitter,https://example.com/news,0.010537638823363615
1752706830147.671,2025-07-17 07:00:30,ZEC News Sample 3653,Medium,https://example.com/news,0.08046110136398826
1752706830147.671,2025-07-17 07:00:30,ZEC News Sample 3757,CryptoSlate,https://example.com/news,0.19481543342616015
1752706830147.671,2025-07-17 07:00:30,ZEC News Sample 6568,Twitter,https://example.com/news,0.026878699223527563
1752793230147.671,2025-07-18 07:00:30,ZEC News Sample 8779,Medium,https://example.com/news,0.8992896831260748
1752793230147.671,2025-07-18 07:00:30,ZEC News Sample 8713,Twitter,https://example.com/news,-0.09793424408731868
1752793230147.671,2025-07-18 07:00:30,ZEC News Sample 2498,Twitter,https://example.com/news,0.018840192618694074
1752793230147.671,2025-07-18 07:00:30,ZEC News Sample 5330,CoinDesk,https://example.com/news,0.09405175675444333
1752879630147.671,2025-07-19 07:00:30,ZEC News Sample 3647,Medium,https://example.com/news,-0.10968285594741466
1752879630147.671,2025-07-19 07:00:30,ZEC News Sample 8018,Twitter,https://example.com/news,0.08553892649172246
1752879630147.671,2025-07-19 07:00:30,ZEC News Sample 2510,Medium,https://example.com/news,0.677661745721718
1752966030147.671,2025-07-20 07:00:30,ZEC News Sample 5448,CoinDesk,https://example.com/news,-0.013568063600537694
1752966030147.671,2025-07-20 07:00:30,ZEC News Sample 8713,Medium,https://example.com/news,0.18648400934633047
1753052430147.671,2025-07-21 07:00:30,ZEC News Sample 9187,CryptoSlate,https://example.com/news,0.18985111966259804
1753138830147.671,2025-07-22 07:00:30,ZEC News Sample 6379,CryptoSlate,https://example.com/news,-0.11604986866020656
1753138830147.671,2025-07-22 07:00:30,ZEC News Sample 3623,CoinDesk,https://example.com/news,-0.020199909615700173
1753138830147.671,2025-07-22 07:00:30,ZEC News Sample 6649,Twitter,https://example.com/news,0.10605686213025867
1753138830147.671,2025-07-22 07:00:30,ZEC News Sample 6554,CryptoSlate,https://example.com/news,0.1682079291239122
1753138830147.671,2025-07-22 07:00:30,ZEC News Sample 5733,Medium,https://example.com/news,-0.19048275768670664
1753225230147.671,2025-07-23 07:00:30,ZEC News Sample 6667,CoinDesk,https://example.com/news,0.18441090874071014
1753225230147.671,2025-07-23 07:00:30,ZEC News Sample 5030,Twitter,https://example.com/news,0.0036298397157384643
1753225230147.671,2025-07-23 07:00:30,ZEC News Sample 4152,Medium,https://example.com/news,-0.12274893675603718
1753311630147.671,2025-07-24 07:00:30,ZEC News Sample 5952,Medium,https://example.com/news,0.01804177903512766
1753311630147.671,2025-07-24 07:00:30,ZEC News Sample 4070,Medium,https://example.com/news,-0.1705793208051113
1753311630147.671,2025-07-24 07:00:30,ZEC News Sample 8730,Medium,https://example.com/news,-0.19825710154868337
1753311630147.671,2025-07-24 07:00:30,ZEC News Sample 4406,CoinDesk,https://example.com/news,-0.008184270446914998
1753398030147.671,2025-07-25 07:00:30,ZEC News Sample 9805,Medium,https://example.com/news,-0.1568767724645179
1753398030147.671,2025-07-25 07:00:30,ZEC News Sample 6640,Twitter,https://example.com/news,-0.8830837859753176
1753398030147.671,2025-07-25 07:00:30,ZEC News Sample 9518,CryptoSlate,https://example.com/news,-0.0008055502475719789
1753398030147.671,2025-07-25 07:00:30,ZEC News Sample 9152,CoinDesk,https://example.com/news,0.17584889545812588
1753570830147.671,2025-07-27 07:00:30,ZEC News Sample 9951,Twitter,https://example.com/news,0.1324581958987256
1753570830147.671,2025-07-27 07:00:30,ZEC News Sample 1471,Medium,https://example.com/news,0.1392651862200247
1753570830147.671,2025-07-27 07:00:30,ZEC News Sample 5277,CryptoSlate,https://example.com/news,-0.09388840769242202
1753570830147.671,2025-07-27 07:00:30,ZEC News Sample 6190,CryptoSlate,https://example.com/news,0.0652745966491462
1753743630147.671,2025-07-29 07:00:30,ZEC News Sample 2038,Medium,https://example.com/news,-0.11194453150792034
1753916430147.671,2025-07-31 07:00:30,ZEC News Sample 4597,CoinDesk,https://example.com/news,0.06543443887154976
1753916430147.671,2025-07-31 07:00:30,ZEC News Sample 6083,Medium,https://example.com/news,0.0595561977742155
1753916430147.671,2025-07-31 07:00:30,ZEC News Sample 5294,CoinDesk,https://example.com/news,0.7354953081768616
1753916430147.671,2025-07-31 07:00:30,ZEC News Sample 5339,Medium,https://example.com/news,-0.1833509821157876
1754002830147.671,2025-08-01 07:00:30,ZEC News Sample 5416,Medium,https://example.com/news,-0.06358933220150856
1754089230147.671,2025-08-02 07:00:30,ZEC News Sample 6694,CoinDesk,https://example.com/news,-0.09662231364560814
1754089230147.671,2025-08-02 07:00:30,ZEC News Sample 8623,CryptoSlate,https://example.com/news,0.0947847941164881
1754089230147.671,2025-08-02 07:00:30,ZEC News Sample 4237,Medium,https://example.com/news,0.03278334357008986
1754175630147.671,2025-08-03 07:00:30,ZEC News Sample 8220,Twitter,https://example.com/news,0.14841170180658164
1754175630147.671,2025-08-03 07:00:30,ZEC News Sample 9159,CoinDesk,https://example.com/news,0.10176993491476904
1754175630147.671,2025-08-03 07:00:30,ZEC News Sample 7442,CoinDesk,https://example.com/news,-0.06421322945966887
1754262030147.671,2025-08-04 07:00:30,ZEC News Sample 7015,CoinDesk,https://example.com/news,-0.12487230360260973
1754262030147.671,2025-08-04 07:00:30,ZEC News Sample 7612,Twitter,https://example.com/news,-0.09999128746702955
1754262030147.671,2025-08-04 07:00:30,ZEC News Sample 6728,Twitter,https://example.com/news,-0.09711942133762147
1754262030147.671,2025-08-04 07:00:30,ZEC News Sample 4140,Medium,https://example.com/news,0.17227379272407928
1754348430147.671,2025-08-05 07:00:30,ZEC News Sample 4890,Medium,https://example.com/news,-0.9714912073452082
1754348430147.671,2025-08-05 07:00:30,ZEC News Sample 6491,CryptoSlate,https://example.com/news,-0.03395830290421356
1754348430147.671,2025-08-05 07:00:30,ZEC News Sample 6433,CryptoSlate,https://example.com/news,-0.04613121306617188
1754434830147.671,2025-08-06 07:00:30,ZEC News Sample 3847,CoinDesk,https://example.com/news,0.036799204503333266
1754521230147.671,2025-08-07 07:00:30,ZEC News Sample 6589,CryptoSlate,https://example.com/news,-0.08094405693197411
1754607630147.671,2025-08-08 07:00:30,ZEC News Sample 5588,Twitter,https://example.com/news,0.12826668932086566
1754607630147.671,2025-08-08 07:00:30,ZEC News Sample 5043,CryptoSlate,https://example.com/news,0.11070489085719087
1754607630147.671,2025-08-08 07:00:30,ZEC News Sample 7088,Medium,https://example.com/news,-0.00986670478734028
1754694030147.671,2025-08-09 07:00:30,ZEC News Sample 8310,CryptoSlate,https://example.com/news,0.05688702671612644
1754694030147.671,2025-08-09 07:00:30,ZEC News Sample 8223,Twitter,https://example.com/news,0.015716062198635805
1754694030147.671,2025-08-09 07:00:30,ZEC News Sample 9509,CryptoSlate,https://example.com/news,-0.015977440915661584
1754694030147.671,2025-08-09 07:00:30,ZEC News Sample 2844,Twitter,https://example.com/news,0.15294094561826882
1754780430147.671,2025-08-10 07:00:30,ZEC News Sample 9451,Medium,https://example.com/news,-0.03363757088656616
1754780430147.671,2025-08-10 07:00:30,ZEC News Sample 3985,Twitter,https://example.com/news,-0.16780226087631114
1754780430147.671,2025-08-10 07:00:30,ZEC News Sample 7694,Medium,https://example.com/news,-0.063367060492768
1754780430147.671,2025-08-10 07:00:30,ZEC News Sample 9539,Twitter,https://example.com/news,0.16034306985757574
1754866830147.671,2025-08-11 07:00:30,ZEC News Sample 2037,Twitter,https://example.com/news,-0.13232599935092398
1754953230147.671,2025-08-12 07:00:30,ZEC News Sample 8128,Medium,https://example.com/news,-0.1582540516249077
1755039630147.671,2025-08-13 07:00:30,ZEC News Sample 1391,CryptoSlate,https://example.com/news,-0.11442874674159836
1755126030147.671,2025-08-14 07:00:30,ZEC News Sample 5864,Medium,https://example.com/news,-0.05959912319468824
1755126030147.671,2025-08-14 07:00:30,ZEC News Sample 2892,CoinDesk,https://example.com/news,0.02529434016408913
1755126030147.671,2025-08-14 07:00:30,ZEC News Sample 9117,CoinDesk,https://example.com/news,0.037278606610953335
1755126030147.671,2025-08-14 07:00:30,ZEC News Sample 4218,Medium,https://example.com/news,-0.192445704525213
1755126030147.671,2025-08-14 07:00:30,ZEC News Sample 6307,Twitter,https://example.com/news,0.19357688338160656
1755212430147.671,2025-08-15 07:00:30,ZEC News Sample 3533,Twitter,https://example.com/news,-0.17653392229090012
1755212430147.671,2025-08-15 07:00:30,ZEC News Sample 8620,CoinDesk,https://example.com/news,0.44487783263916225
1755212430147.671,2025-08-15 07:00:30,ZEC News Sample 3944,CoinDesk,https://example.com/news,-0.0034545740185314977
1755212430147.671,2025-08-15 07:00:30,ZEC News Sample 3258,CoinDesk,https://example.com/news,-0.05417911766068309
1755298830147.671,2025-08-16 07:00:30,ZEC News Sample 8086,Twitter,https://example.com/news,0.004180272777103811
1755298830147.671,2025-08-16 07:00:30,ZEC News Sample 9894,CoinDesk,https://example.com/news,0.19873650683648192
1755298830147.671,2025-08-16 07:00:30,ZEC News Sample 2122,Twitter,https://example.com/news,0.08982971303569925
1755385230147.671,2025-08-17 07:00:30,ZEC News Sample 1830,Medium,https://example.com/news,-0.12561325308564833
1755471630147.671,2025-08-18 07:00:30,ZEC News Sample 8569,CoinDesk,https://example.com/news,0.35792224084282886
1755644430147.671,2025-08-20 07:00:30,ZEC News Sample 8166,Twitter,https://example.com/news,-0.0945586992699993
1755730830147.671,2025-08-21 07:00:30,ZEC News Sample 9988,Medium,https://example.com/news,-0.05837450094877439
1755730830147.671,2025-08-21 07:00:30,ZEC News Sample 6642,Twitter,https://example.com/news,-0.12829077026157887
1755817230147.671,2025-08-22 07:00:30,ZEC News Sample 2362,CryptoSlate,https://example.com/news,0.05680157233405342
1755817230147.671,2025-08-22 07:00:30,ZEC News Sample 3468,CoinDesk,https://example.com/news,-0.8770499951125668
1755817230147.671,2025-08-22 07:00:30,ZEC News Sample 3140,CryptoSlate,https://example.com/news,-0.013147782190217644
1755817230147.671,2025-08-22 07:00:30,ZEC News Sample 8387,CoinDesk,https://example.com/news,-0.12558747568694856
1755817230147.671,2025-08-22 07:00:30,ZEC News Sample 5744,CryptoSlate,https://example.com/news,0.18803568466145765
1755903630147.671,2025-08-23 07:00:30,ZEC News Sample 6215,CryptoSlate,https://example.com/news,0.04676469469884936
1755903630147.671,2025-08-23 07:00:30,ZEC News Sample 9308,CryptoSlate,https://example.com/news,0.057648936742827395
1755903630147.671,2025-08-23 07:00:30,ZEC News Sample 6383,CryptoSlate,https://example.com/news,0.03547663907239662
1755990030147.671,2025-08-24 07:00:30,ZEC News Sample 5554,Twitter,https://example.com/news,0.06232536007202982
1755990030147.671,2025-08-24 07:00:30,ZEC News Sample 5715,Twitter,https://example.com/news,0.0030739038051401657
1755990030147.671,2025-08-24 07:00:30,ZEC News Sample 4942,CoinDesk,https://example.com/news,-0.10398062885165404
1756076430147.671,2025-08-25 07:00:30,ZEC News Sample 5453,CoinDesk,https://example.com/news,-0.08290475532639974
1756162830147.671,2025-08-26 07:00:30,ZEC News Sample 6068,CoinDesk,https://example.com/news,-0.04457398690753828
1756162830147.671,2025-08-26 07:00:30,ZEC News Sample 3855,CryptoSlate,https://example.com/news,-0.1802625546958041
1756162830147.671,2025-08-26 07:00:30,ZEC News Sample 3526,CoinDesk,https://example.com/news,0.07166191198911365
1756162830147.671,2025-08-26 07:00:30,ZEC News Sample 6474,Twitter,https://example.com/news,-0.006795394840458352
1756162830147.671,2025-08-26 07:00:30,ZEC News Sample 4619,Medium,https://example.com/news,0.0795932313534301
1756249230147.671,2025-08-27 07:00:30,ZEC News Sample 9692,Medium,https://example.com/news,0.10203259387796948
1756249230147.671,2025-08-27 07:00:30,ZEC News Sample 1313,CoinDesk,https://example.com/news,-0.06035358744757621
1756249230147.671,2025-08-27 07:00:30,ZEC News Sample 2083,CoinDesk,https://example.com/news,0.18898826652758122
1756335630147.671,2025-08-28 07:00:30,ZEC News Sample 3229,CoinDesk,https://example.com/news,0.12474339343714386
1756422030147.671,2025-08-29 07:00:30,ZEC News Sample 2574,Medium,https://example.com/news,-0.0429737972788245
1756422030147.671,2025-08-29 07:00:30,ZEC News Sample 8320,Medium,https://example.com/news,0.16909560955875474
1756594830147.671,2025-08-31 07:00:30,ZEC News Sample 9605,CoinDesk,https://example.com/news,0.022924104032646053
1756681230147.671,2025-09-01 07:00:30,ZEC News Sample 8731,CoinDesk,https://example.com/news,-0.172411498022693
1756681230147.671,2025-09-01 07:00:30,ZEC News Sample 9272,CryptoSlate,https://example.com/news,0.04282367165157491
1756767630147.671,2025-09-02 07:00:30,ZEC News Sample 9780,Medium,https://example.com/news,0.012216044474938903
1756767630147.671,2025-09-02 07:00:30,ZEC News Sample 9334,CoinDesk,https://example.com/news,0.11598599996778819
1756767630147.671,2025-09-02 07:00:30,ZEC News Sample 2340,CryptoSlate,https://example.com/news,0.016290128590378428
1756854030147.671,2025-09-03 07:00:30,ZEC News Sample 6046,CryptoSlate,https://example.com/news,-0.05043896721433622
1756854030147.671,2025-09-03 07:00:30,ZEC News Sample 8810,Twitter,https://example.com/news,-0.058156979901189815
1756854030147.671,2025-09-03 07:00:30,ZEC News Sample 8731,CryptoSlate,https://example.com/news,0.06476461844243436
1756854030147.671,2025-09-03 07:00:30,ZEC News Sample 6602,Medium,https://example.com/news,-0.2709818782717761
1756940430147.671,2025-09-04 07:00:30,ZEC News Sample 5848,Twitter,https://example.com/news,-0.6154275142809775
1756940430147.671,2025-09-04 07:00:30,ZEC News Sample 4778,Medium,https://example.com/news,0.03639399043124786
1756940430147.671,2025-09-04 07:00:30,ZEC News Sample 1524,CryptoSlate,https://example.com/news,0.00928828752214872
1756940430147.671,2025-09-04 07:00:30,ZEC News Sample 9120,CoinDesk,https://example.com/news,-0.02084514719637451
1756940430147.671,2025-09-04 07:00:30,ZEC News Sample 2551,Twitter,https://example.com/news,-0.007652999712097042
1757026830147.671,2025-09-05 07:00:30,ZEC News Sample 1955,Twitter,https://example.com/news,0.010206172732018015
1757113230147.671,2025-09-06 07:00:30,ZEC News Sample 7199,Medium,https://example.com/news,0.05845555740112307
1757199630147.671,2025-09-07 07:00:30,ZEC News Sample 8687,CoinDesk,https://example.com/news,0.13064313704896796
1757199630147.671,2025-09-07 07:00:30,ZEC News Sample 1910,Medium,https://example.com/news,0.5861680237408846
1757199630147.671,2025-09-07 07:00:30,ZEC News Sample 7979,CoinDesk,https://example.com/news,-0.006157851454892838
1757199630147.671,2025-09-07 07:00:30,ZEC News Sample 4971,CryptoSlate,https://example.com/news,-0.01192949966235149
1757199630147.671,2025-09-07 07:00:30,ZEC News Sample 2439,Twitter,https://example.com/news,0.1232542024970587
1757286030147.671,2025-09-08 07:00:30,ZEC News Sample 1828,CryptoSlate,https://example.com/news,0.0382228923622768
1757286030147.671,2025-09-08 07:00:30,ZEC News Sample 7823,CoinDesk,https://example.com/news,0.07025468135732732
1757458830147.671,2025-09-10 07:00:30,ZEC News Sample 4225,Medium,https://example.com/news,0.0051584931868518535
1757458830147.671,2025-09-10 07:00:30,ZEC News Sample 5795,Twitter,https://example.com/news,-0.32041991271967474
1757545230147.671,2025-09-11 07:00:30,ZEC News Sample 3406,Twitter,https://example.com/news,-0.031244817200401093
1757545230147.671,2025-09-11 07:00:30,ZEC News Sample 8169,CoinDesk,https://example.com/news,-0.15648267044276287
1757631630147.671,2025-09-12 07:00:30,ZEC News Sample 1795,CryptoSlate,https://example.com/news,0.16283335162343793
1757631630147.671,2025-09-12 07:00:30,ZEC News Sample 2309,CoinDesk,https://example.com/news,0.13349442133304834
1757718030147.671,2025-09-13 07:00:30,ZEC News Sample 7452,CryptoSlate,https://example.com/news,-0.17967240811236795
1757718030147.671,2025-09-13 07:00:30,ZEC News Sample 9659,Medium,https://example.com/news,-0.12452331753368454
1757804430147.671,2025-09-14 07:00:30,ZEC News Sample 9099,Medium,https://example.com/news,-0.08366095860699235
1757804430147.671,2025-09-14 07:00:30,ZEC News Sample 2322,Twitter,https://example.com/news,0.11072889146116499
1757804430147.671,2025-09-14 07:00:30,ZEC News Sample 7744,Twitter,https://example.com/news,-0.1637674791694591
1757890830147.671,2025-09-15 07:00:30,ZEC News Sample 2764,CoinDesk,https://example.com/news,-0.1255092617955078
1757890830147.671,2025-09-15 07:00:30,ZEC News Sample 7333,Medium,https://example.com/news,0.15531579232030607
1757890830147.671,2025-09-15 07:00:30,ZEC News Sample 1039,Twitter,https://example.com/news,-0.08704234306098826
1757890830147.671,2025-09-15 07:00:30,ZEC News Sample 6565,CoinDesk,https://example.com/news,-0.07774145624319867
1757890830147.671,2025-09-15 07:00:30,ZEC News Sample 7185,Medium,https://example.com/news,-0.13892338972690377
1757977230147.671,2025-09-16 07:00:30,ZEC News Sample 4822,CryptoSlate,https://example.com/news,-0.07329678207736032
1757977230147.671,2025-09-16 07:00:30,ZEC News Sample 3174,Twitter,https://example.com/news,-0.13097788969885352
1757977230147.671,2025-09-16 07:00:30,ZEC News Sample 6542,Twitter,https://example.com/news,-0.12573215944541363
1758063630147.671,2025-09-17 07:00:30,ZEC News Sample 3741,Medium,https://example.com/news,0.14535579233789186
1758063630147.671,2025-09-17 07:00:30,ZEC News Sample 6029,CoinDesk,https://example.com/news,-0.09169505073341724
1758063630147.671,2025-09-17 07:00:30,ZEC News Sample 6112,Medium,https://example.com/news,-0.10355584211678855
1758150030147.671,2025-09-18 07:00:30,ZEC News Sample 4763,CoinDesk,https://example.com/news,-0.02621828139946719
1758150030147.671,2025-09-18 07:00:30,ZEC News Sample 4535,CoinDesk,https://example.com/news,0.18546008231836247
1758150030147.671,2025-09-18 07:00:30,ZEC News Sample 8073,CoinDesk,https://example.com/news,0.02406558999163569
1758236430147.671,2025-09-19 07:00:30,ZEC News Sample 5652,CryptoSlate,https://example.com/news,0.06353447289148306
1758236430147.671,2025-09-19 07:00:30,ZEC News Sample 4296,CoinDesk,https://example.com/news,-0.19079180306572147
1758322830147.671,2025-09-20 07:00:30,ZEC News Sample 3546,Medium,https://example.com/news,-0.09642378196200646
1758409230147.671,2025-09-21 07:00:30,ZEC News Sample 6593,CryptoSlate,https://example.com/news,-0.6483165112353211
1758409230147.671,2025-09-21 07:00:30,ZEC News Sample 7539,Twitter,https://example.com/news,0.019120047244895133
1758495630147.671,2025-09-22 07:00:30,ZEC News Sample 5094,CoinDesk,https://example.com/news,0.13287316458833476
1758495630147.671,2025-09-22 07:00:30,ZEC News Sample 1385,CryptoSlate,https://example.com/news,-0.04509835138436041
1758582030147.671,2025-09-23 07:00:30,ZEC News Sample 5034,Medium,https://example.com/news,0.19672786671781783
1758582030147.671,2025-09-23 07:00:30,ZEC News Sample 2370,CryptoSlate,https://example.com/news,0.08214440180409438
1758754830147.671,2025-09-25 07:00:30,ZEC News Sample 9803,CoinDesk,https://example.com/news,0.07119691795283373
1758754830147.671,2025-09-25 07:00:30,ZEC News Sample 5836,CoinDesk,https://example.com/news,-0.18290597879952825
1758927630147.671,2025-09-27 07:00:30,ZEC News Sample 5117,Medium,https://example.com/news,0.7132972094975487
1758927630147.671,2025-09-27 07:00:30,ZEC News Sample 4650,CoinDesk,https://example.com/news,-0.020933602879628477
1758927630147.671,2025-09-27 07:00:30,ZEC News Sample 6550,CoinDesk,https://example.com/news,-0.12366396118843657
1758927630147.671,2025-09-27 07:00:30,ZEC News Sample 6753,CoinDesk,https://example.com/news,0.948654678696377
1759100430147.671,2025-09-29 07:00:30,ZEC News Sample 7875,CryptoSlate,https://example.com/news,0.17917517771998737
1759100430147.671,2025-09-29 07:00:30,ZEC News Sample 3300,CoinDesk,https://example.com/news,0.16198526028385113
1759100430147.671,2025-09-29 07:00:30,ZEC News Sample 2034,CoinDesk,https://example.com/news,0.15561001225294524
1759100430147.671,2025-09-29 07:00:30,ZEC News Sample 8853,Twitter,https://example.com/news,0.17754779718945124
1759186830147.671,2025-09-30 07:00:30,ZEC News Sample 1808,CoinDesk,https://example.com/news,-0.14146047677608764
1759359630147.671,2025-10-02 07:00:30,ZEC News Sample 6155,Twitter,https://example.com/news,0.025292446100260962
1759359630147.671,2025-10-02 07:00:30,ZEC News Sample 2885,Twitter,https://example.com/news,-0.06766943406205353
1759359630147.671,2025-10-02 07:00:30,ZEC News Sample 4341,CryptoSlate,https://example.com/news,-0.10535601762217546
1759446030147.671,2025-10-03 07:00:30,ZEC News Sample 6917,Twitter,https://example.com/news,0.13558124041502045
1759446030147.671,2025-10-03 07:00:30,ZEC News Sample 1921,CoinDesk,https://example.com/news,-0.07911040922773754
1759446030147.671,2025-10-03 07:00:30,ZEC News Sample 3933,Medium,https://example.com/news,0.4525565941483296
1759446030147.671,2025-10-03 07:00:30,ZEC News Sample 7402,Medium,https://example.com/news,0.0967973603191642
1759532430147.671,2025-10-04 07:00:30,ZEC News Sample 7644,Medium,https://example.com/news,0.11397054841704535
1759532430147.671,2025-10-04 07:00:30,ZEC News Sample 1639,CryptoSlate,https://example.com/news,0.05798600238717072
1759618830147.671,2025-10-05 07:00:30,ZEC News Sample 5546,CryptoSlate,https://example.com/news,-0.26962072697051087
1759705230147.671,2025-10-06 07:00:30,ZEC News Sample 8948,Medium,https://example.com/news,0.2815085061647322
1759705230147.671,2025-10-06 07:00:30,ZEC News Sample 7698,CryptoSlate,https://example.com/news,0.05540320067424409
1759705230147.671,2025-10-06 07:00:30,ZEC News Sample 1029,Medium,https://example.com/news,-0.14281752179980445
1759791630147.671,2025-10-07 07:00:30,ZEC News Sample 2763,CryptoSlate,https://example.com/news,-0.1923690332199126
1759791630147.671,2025-10-07 07:00:30,ZEC News Sample 2060,Medium,https://example.com/news,-0.044253971917084634
1759878030147.671,2025-10-08 07:00:30,ZEC News Sample 6860,CoinDesk,https://example.com/news,-0.1990501261550074
1759964430147.671,2025-10-09 07:00:30,ZEC News Sample 4366,Twitter,https://example.com/news,0.1500245643923765
1759964430147.671,2025-10-09 07:00:30,ZEC News Sample 7550,Twitter,https://example.com/news,-0.13713443829823618
1759964430147.671,2025-10-09 07:00:30,ZEC News Sample 4946,CryptoSlate,https://example.com/news,0.03339786249651272
1760137230147.671,2025-10-11 07:00:30,ZEC News Sample 4185,CryptoSlate,https://example.com/news,-0.0195766038882193
1760137230147.671,2025-10-11 07:00:30,ZEC News Sample 4379,CryptoSlate,https://example.com/news,0.05128952475136256
1760137230147.671,2025-10-11 07:00:30,ZEC News Sample 3589,Medium,https://example.com/news,-0.14786729939392484
1760310030147.671,2025-10-13 07:00:30,ZEC News Sample 7858,Medium,https://example.com/news,0.08643518016483231
1760310030147.671,2025-10-13 07:00:30,ZEC News Sample 9502,Twitter,https://example.com/news,-0.11699057297892029
1760310030147.671,2025-10-13 07:00:30,ZEC News Sample 4678,CoinDesk,https://example.com/news,0.17095496038424302
1760310030147.671,2025-10-13 07:00:30,ZEC News Sample 2729,Medium,https://example.com/news,-0.6872943859723546
1760482830147.671,2025-10-15 07:00:30,ZEC News Sample 3722,CryptoSlate,https://example.com/news,-0.11621278751283036
1760569230147.671,2025-10-16 07:00:30,ZEC News Sample 7102,Twitter,https://example.com/news,-0.10138725085595955
1760655630147.671,2025-10-17 07:00:30,ZEC News Sample 1175,CoinDesk,https://example.com/news,0.18925586527221339
1760655630147.671,2025-10-17 07:00:30,ZEC News Sample 3802,Medium,https://example.com/news,0.2679208391374801
1760655630147.671,2025-10-17 07:00:30,ZEC News Sample 5405,Twitter,https://example.com/news,-0.17997416852724357
1760655630147.671,2025-10-17 07:00:30,ZEC News Sample 4461,CoinDesk,https://example.com/news,-7.67372312235337e-06
1760655630147.671,2025-10-17 07:00:30,ZEC News Sample 3797,Twitter,https://example.com/news,0.025733721747067534
1760828430147.671,2025-10-19 07:00:30,ZEC News Sample 6959,CoinDesk,https://example.com/news,-0.03815650855050662
1760914830147.671,2025-10-20 07:00:30,ZEC News Sample 8578,Medium,https://example.com/news,0.035695881284082354
1760914830147.671,2025-10-20 07:00:30,ZEC News Sample 4976,Twitter,https://example.com/news,0.06346518613406682
1760914830147.671,2025-10-20 07:00:30,ZEC News Sample 4771,Medium,https://example.com/news,0.05649812400739096
1760914830147.671,2025-10-20 07:00:30,ZEC News Sample 1187,Medium,https://example.com/news,-0.12868639243608695
1760914830147.671,2025-10-20 07:00:30,ZEC News Sample 8026,CryptoSlate,https://example.com/news,0.15151331561254622
1761001230147.671,2025-10-21 07:00:30,ZEC News Sample 3797,CoinDesk,https://example.com/news,-0.061072191378333474
1761001230147.671,2025-10-21 07:00:30,ZEC News Sample 4716,CoinDesk,https://example.com/news,-0.38662990343405634
1761001230147.671,2025-10-21 07:00:30,ZEC News Sample 2208,CoinDesk,https://example.com/news,-0.0048569587647926404
1761001230147.671,2025-10-21 07:00:30,ZEC News Sample 7804,CryptoSlate,https://example.com/news,0.048834274419628926
1761001230147.671,2025-10-21 07:00:30,ZEC News Sample 4123,CoinDesk,https://example.com/news,-0.0031001131535772775
1761087630147.671,2025-10-22 07:00:30,ZEC News Sample 3479,Medium,https://example.com/news,-0.16201569453161807
1761087630147.671,2025-10-22 07:00:30,ZEC News Sample 1741,CryptoSlate,https://example.com/news,0.06802895668464742
1761087630147.671,2025-10-22 07:00:30,ZEC News Sample 4642,Medium,https://example.com/news,0.19550926044403732
1761087630147.671,2025-10-22 07:00:30,ZEC News Sample 9673,Twitter,https://example.com/news,0.11487472021989026
1761087630147.671,2025-10-22 07:00:30,ZEC News Sample 4550,CryptoSlate,https://example.com/news,-0.10415837097606673
1761174030147.671,2025-10-23 07:00:30,ZEC News Sample 7027,CoinDesk,https://example.com/news,-0.07301773061581027
1761174030147.671,2025-10-23 07:00:30,ZEC News Sample 9211,Medium,https://example.com/news,-0.11236781544618145
1761174030147.671,2025-10-23 07:00:30,ZEC News Sample 7975,CoinDesk,https://example.com/news,0.004170433867494244
1761174030147.671,2025-10-23 07:00:30,ZEC News Sample 6785,Medium,https://example.com/news,0.032455437884451266
1761260430147.671,2025-10-24 07:00:30,ZEC News Sample 7985,CoinDesk,https://example.com/news,-0.040638867041042526
1761260430147.671,2025-10-24 07:00:30,ZEC News Sample 3964,Twitter,https://example.com/news,0.013967809315174412
1761260430147.671,2025-10-24 07:00:30,ZEC News Sample 9520,Medium,https://example.com/news,0.07803673919475435
1761260430147.671,2025-10-24 07:00:30,ZEC News Sample 8697,Twitter,https://example.com/news,-0.07119713178813472
1761346830147.671,2025-10-25 07:00:30,ZEC News Sample 9351,Medium,https://example.com/news,0.10421081583870606
1761346830147.671,2025-10-25 07:00:30,ZEC News Sample 8042,CoinDesk,https://example.com/news,0.1733062702994379
1761346830147.671,2025-10-25 07:00:30,ZEC News Sample 7140,Medium,https://example.com/news,-0.061115962017778774
1761433230147.671,2025-10-26 07:00:30,ZEC News Sample 3963,Medium,https://example.com/news,-0.06579494282967979
1761433230147.671,2025-10-26 07:00:30,ZEC News Sample 5241,CryptoSlate,https://example.com/news,-0.02561710704437306
1761433230147.671,2025-10-26 07:00:30,ZEC News Sample 1272,Twitter,https://example.com/news,0.38603188852207526
1761433230147.671,2025-10-26 07:00:30,ZEC News Sample 3850,Medium,https://example.com/news,0.05140248912889178
1761519630147.671,2025-10-27 07:00:30,ZEC News Sample 8368,Medium,https://example.com/news,0.02139079022394469
1761606030147.671,2025-10-28 07:00:30,ZEC News Sample 8466,Medium,https://example.com/news,-0.003817845242990836
1761606030147.671,2025-10-28 07:00:30,ZEC News Sample 6198,CoinDesk,https://example.com/news,-0.08565607426024663
1761606030147.671,2025-10-28 07:00:30,ZEC News Sample 2279,Medium,https://example.com/news,0.033634214585242767
1761606030147.671,2025-10-28 07:00:30,ZEC News Sample 6642,CryptoSlate,https://example.com/news,-0.06717290730445319
1761606030147.671,2025-10-28 07:00:30,ZEC News Sample 8508,CoinDesk,https://example.com/news,-0.16240222752720312
1761692430147.671,2025-10-29 07:00:30,ZEC News Sample 4988,Twitter,https://example.com/news,-0.01401443158954857
1761692430147.671,2025-10-29 07:00:30,ZEC News Sample 7470,CoinDesk,https://example.com/news,0.04235393830151027
1761692430147.671,2025-10-29 07:00:30,ZEC News Sample 1516,Medium,https://example.com/news,-0.15169344095926063
1761692430147.671,2025-10-29 07:00:30,ZEC News Sample 3962,Medium,https://example.com/news,0.09693133526156805
1761692430147.671,2025-10-29 07:00:30,ZEC News Sample 3592,Medium,https://example.com/news,0.14366940394503624
1761778830147.671,2025-10-30 07:00:30,ZEC News Sample 8978,CryptoSlate,https://example.com/news,-0.17701251720791267
1761865230147.671,2025-10-31 07:00:30,ZEC News Sample 1309,CoinDesk,https://example.com/news,0.16654707660809775
1761865230147.671,2025-10-31 07:00:30,ZEC News Sample 5478,Twitter,https://example.com/news,-0.1440912169407147
1761951630147.671,2025-11-01 07:00:30,ZEC News Sample 1444,Twitter,https://example.com/news,0.04876138450642778
1761951630147.671,2025-11-01 07:00:30,ZEC News Sample 6640,Medium,https://example.com/news,0.17655950537152154
1761951630147.671,2025-11-01 07:00:30,ZEC News Sample 5635,Twitter,https://example.com/news,0.14321851385483814
1762038030147.671,2025-11-02 07:00:30,ZEC News Sample 3216,Medium,https://example.com/news,-0.17857923710723425
1762124430147.671,2025-11-03 07:00:30,ZEC News Sample 7131,CryptoSlate,https://example.com/news,-0.17851252625081906
1762124430147.671,2025-11-03 07:00:30,ZEC News Sample 4191,CoinDesk,https://example.com/news,0.06721630844231086
1762124430147.671,2025-11-03 07:00:30,ZEC News Sample 6909,Medium,https://example.com/news,0.13073597769768724
1762210830147.671,2025-11-04 07:00:30,ZEC News Sample 7774,CoinDesk,https://example.com/news,0.027132410806909257
1762297230147.671,2025-11-05 07:00:30,ZEC News Sample 7178,CryptoSlate,https://example.com/news,-0.05407182578368902
1762383630147.671,2025-11-06 07:00:30,ZEC News Sample 9457,CryptoSlate,https://example.com/news,-0.12702180547759656
1762383630147.671,2025-11-06 07:00:30,ZEC News Sample 6522,Twitter,https://example.com/news,0.0024439642384591065
1762383630147.671,2025-11-06 07:00:30,ZEC News Sample 1154,CoinDesk,https://example.com/news,-0.05220661315574393
1762470030147.671,2025-11-07 07:00:30,ZEC News Sample 6742,CoinDesk,https://example.com/news,-0.15717276414666137
1762470030147.671,2025-11-07 07:00:30,ZEC News Sample 1164,CoinDesk,https://example.com/news,-0.18280222798584003
1762642830147.671,2025-11-09 07:00:30,ZEC News Sample 5581,Medium,https://example.com/news,0.03490635532083167
1762642830147.671,2025-11-09 07:00:30,ZEC News Sample 3211,Medium,https://example.com/news,-0.12836773743442476
1762642830147.671,2025-11-09 07:00:30,ZEC News Sample 3697,CoinDesk,https://example.com/news,0.10383859894924491
1762642830147.671,2025-11-09 07:00:30,ZEC News Sample 2970,CryptoSlate,https://example.com/news,0.17279166552922287
1762642830147.671,2025-11-09 07:00:30,ZEC News Sample 1631,CoinDesk,https://example.com/news,-0.1754555610264168
1762729230147.671,2025-11-10 07:00:30,ZEC News Sample 1490,Twitter,https://example.com/news,0.005305320922837975
1762729230147.671,2025-11-10 07:00:30,ZEC News Sample 4100,CoinDesk,https://example.com/news,0.0987499142897611
1762729230147.671,2025-11-10 07:00:30,ZEC News Sample 1707,CoinDesk,https://example.com/news,-0.17533730277836213
1762729230147.671,2025-11-10 07:00:30,ZEC News Sample 2105,CoinDesk,https://example.com/news,-0.34184298369440547
1762815630147.671,2025-11-11 07:00:30,ZEC News Sample 4518,Medium,https://example.com/news,-0.05958558320676738
1762902030147.671,2025-11-12 07:00:30,ZEC News Sample 3806,CryptoSlate,https://example.com/news,-0.05967747856840813
1762988430147.671,2025-11-13 07:00:30,ZEC News Sample 4084,Twitter,https://example.com/news,-0.12294492742784097
1762988430147.671,2025-11-13 07:00:30,ZEC News Sample 2629,CoinDesk,https://example.com/news,0.15549992662505946
1762988430147.671,2025-11-13 07:00:30,ZEC News Sample 4216,CoinDesk,https://example.com/news,0.10642959969334481
1762988430147.671,2025-11-13 07:00:30,ZEC News Sample 5019,Twitter,https://example.com/news,0.052198996311983104
1762988430147.671,2025-11-13 07:00:30,ZEC News Sample 5009,Twitter,https://example.com/news,0.09979144940075613
1763074830147.671,2025-11-14 07:00:30,ZEC News Sample 9534,CryptoSlate,https://example.com/news,-0.7524626624503121
1763074830147.671,2025-11-14 07:00:30,ZEC News Sample 8482,CoinDesk,https://example.com/news,0.10413085601537025
1763161230147.671,2025-11-15 07:00:30,ZEC News Sample 7123,CoinDesk,https://example.com/news,-0.17939518691558615
1763161230147.671,2025-11-15 07:00:30,ZEC News Sample 8420,Twitter,https://example.com/news,-0.19398413012053195
1763161230147.671,2025-11-15 07:00:30,ZEC News Sample 6652,Twitter,https://example.com/news,-0.06980109190599634
1763161230147.671,2025-11-15 07:00:30,ZEC News Sample 1932,Medium,https://example.com/news,0.027650969934476466
1763247630147.671,2025-11-16 07:00:30,ZEC News Sample 3059,Twitter,https://example.com/news,-0.07199140234129212
1763247630147.671,2025-11-16 07:00:30,ZEC News Sample 3755,CoinDesk,https://example.com/news,0.18868796157051565
1763334030147.671,2025-11-17 07:00:30,ZEC News Sample 3783,Twitter,https://example.com/news,0.7794393259082601
1763334030147.671,2025-11-17 07:00:30,ZEC News Sample 8408,CryptoSlate,https://example.com/news,-0.03346896522519366
1763334030147.671,2025-11-17 07:00:30,ZEC News Sample 4605,Medium,https://example.com/news,0.11454319006812158
1763334030147.671,2025-11-17 07:00:30,ZEC News Sample 5680,Medium,https://example.com/news,0.12196549899262377
1763420430147.671,2025-11-18 07:00:30,ZEC News Sample 7554,Medium,https://example.com/news,0.13004584767168292
1763420430147.671,2025-11-18 07:00:30,ZEC News Sample 1086,Twitter,https://example.com/news,0.04276238630987236
1763420430147.671,2025-11-18 07:00:30,ZEC News Sample 9342,Twitter,https://example.com/news,-0.021364213676480004
1763420430147.671,2025-11-18 07:00:30,ZEC News Sample 8990,CryptoSlate,https://example.com/news,-0.023900880641617578
1763420430147.671,2025-11-18 07:00:30,ZEC News Sample 9715,CryptoSlate,https://example.com/news,-0.06244635284630373
1763506830147.671,2025-11-19 07:00:30,ZEC News Sample 3468,Twitter,https://example.com/news,-0.0736746480699711
1763506830147.671,2025-11-19 07:00:30,ZEC News Sample 7509,CryptoSlate,https://example.com/news,-0.1830103375724085
1763593230147.671,2025-11-20 07:00:30,ZEC News Sample 7158,CoinDesk,https://example.com/news,-0.13053700197312812
1763593230147.671,2025-11-20 07:00:30,ZEC News Sample 1443,CryptoSlate,https://example.com/news,0.10207199912974141
1763593230147.671,2025-11-20 07:00:30,ZEC News Sample 1399,Medium,https://example.com/news,-0.17778147546856535
1763593230147.671,2025-11-20 07:00:30,ZEC News Sample 5912,Twitter,https://example.com/news,-0.014536526023730179
1763679630147.671,2025-11-21 07:00:30,ZEC News Sample 3272,Twitter,https://example.com/news,0.1683544508125105
1763679630147.671,2025-11-21 07:00:30,ZEC News Sample 4587,CryptoSlate,https://example.com/news,0.8227721328013429
1763679630147.671,2025-11-21 07:00:30,ZEC News Sample 2615,Twitter,https://example.com/news,-0.09513871174883942
1763766030147.671,2025-11-22 07:00:30,ZEC News Sample 5294,CoinDesk,https://example.com/news,0.16724155100147986
1763766030147.671,2025-11-22 07:00:30,ZEC News Sample 8653,CoinDesk,https://example.com/news,-0.1389938279625339
1763852430147.671,2025-11-23 07:00:30,ZEC News Sample 6661,Twitter,https://example.com/news,0.06782948566322722
1763852430147.671,2025-11-23 07:00:30,ZEC News Sample 7755,Twitter,https://example.com/news,0.6714703189663767
1763938830147.671,2025-11-24 07:00:30,ZEC News Sample 8958,CoinDesk,https://example.com/news,-0.19397466704175007
1763938830147.671,2025-11-24 07:00:30,ZEC News Sample 8899,CryptoSlate,https://example.com/news,0.04856161407043097
1763938830147.671,2025-11-24 07:00:30,ZEC News Sample 1093,CoinDesk,https://example.com/news,-0.1857691357573606
1764025230147.671,2025-11-25 07:00:30,ZEC News Sample 7410,Twitter,https://example.com/news,0.1859312899254641
1764025230147.671,2025-11-25 07:00:30,ZEC News Sample 9737,CryptoSlate,https://example.com/news,-0.13792031241477823
1764025230147.671,2025-11-25 07:00:30,ZEC News Sample 5270,Twitter,https://example.com/news,-0.01896766863876595
1764111630147.671,2025-11-26 07:00:30,ZEC News Sample 1231,Medium,https://example.com/news,-0.5998830501134451
